Date,yield_pct,r
2015-01-01,0.0355,0.00035499999999999996
2015-01-02,0.0152,0.000152
2015-01-05,0.0101,0.000101
2015-01-06,0.0253,0.00025299999999999997
2015-01-07,0.0203,0.00020299999999999997
2015-01-08,0.0152,0.000152
2015-01-09,0.0152,0.000152
2015-01-12,0.0152,0.000152
2015-01-13,0.0253,0.00025299999999999997
2015-01-14,0.0253,0.00025299999999999997
2015-01-15,0.0253,0.00025299999999999997
2015-01-16,0.0152,0.000152
2015-01-19,0.0152,0.000152
2015-01-20,0.0051,5.1000000000000006e-05
2015-01-21,0.0203,0.00020299999999999997
2015-01-22,0.0152,0.000152
2015-01-23,0.0152,0.000152
2015-01-26,0.0051,5.1000000000000006e-05
2015-01-27,0.0152,0.000152
2015-01-28,0.0152,0.000152
2015-01-29,0.0051,5.1000000000000006e-05
2015-01-30,0.0,0.0
2015-02-02,0.0051,5.1000000000000006e-05
2015-02-03,0.0152,0.000152
2015-02-04,0.0051,5.1000000000000006e-05
2015-02-05,0.0051,5.1000000000000006e-05
2015-02-06,0.0152,0.000152
2015-02-09,0.0051,5.1000000000000006e-05
2015-02-10,0.0051,5.1000000000000006e-05
2015-02-11,0.0051,5.1000000000000006e-05
2015-02-12,0.0101,0.000101
2015-02-13,0.0051,5.1000000000000006e-05
2015-02-16,0.0051,5.1000000000000006e-05
2015-02-17,0.0051,5.1000000000000006e-05
2015-02-18,0.0152,0.000152
2015-02-19,0.0152,0.000152
2015-02-20,0.0152,0.000152
2015-02-23,0.0152,0.000152
2015-02-24,0.0152,0.000152
2015-02-25,0.0152,0.000152
2015-02-26,0.0152,0.000152
2015-02-27,0.0101,0.000101
2015-03-02,0.0101,0.000101
2015-03-03,0.0101,0.000101
2015-03-04,0.0051,5.1000000000000006e-05
2015-03-05,0.0051,5.1000000000000006e-05
2015-03-06,0.0051,5.1000000000000006e-05
2015-03-09,0.0051,5.1000000000000006e-05
2015-03-10,0.0101,0.000101
2015-03-11,0.0152,0.000152
2015-03-12,0.0203,0.00020299999999999997
2015-03-13,0.0203,0.00020299999999999997
2015-03-16,0.0304,0.000304
2015-03-17,0.0456,0.000456
2015-03-18,0.0253,0.00025299999999999997
2015-03-19,0.0051,5.1000000000000006e-05
2015-03-20,0.0,0.0
2015-03-23,0.0,0.0
2015-03-24,0.0152,0.000152
2015-03-25,0.0253,0.00025299999999999997
2015-03-26,0.0253,0.00025299999999999997
2015-03-27,0.0355,0.00035499999999999996
2015-03-30,0.0152,0.000152
2015-03-31,0.0203,0.00020299999999999997
2015-04-01,0.0152,0.000152
2015-04-02,0.0101,0.000101
2015-04-03,0.0101,0.000101
2015-04-06,0.0051,5.1000000000000006e-05
2015-04-07,0.0152,0.000152
2015-04-08,0.0203,0.00020299999999999997
2015-04-09,0.0203,0.00020299999999999997
2015-04-10,0.0152,0.000152
2015-04-13,0.0101,0.000101
2015-04-14,0.0152,0.000152
2015-04-15,0.0101,0.000101
2015-04-16,0.0152,0.000152
2015-04-17,0.0152,0.000152
2015-04-20,0.0101,0.000101
2015-04-21,0.0203,0.00020299999999999997
2015-04-22,0.0203,0.00020299999999999997
2015-04-23,0.0203,0.00020299999999999997
2015-04-24,0.0152,0.000152
2015-04-27,0.0101,0.000101
2015-04-28,0.0101,0.000101
2015-04-29,-0.0051,-5.1000000000000006e-05
2015-04-30,0.0,0.0
2015-05-01,0.0,0.0
2015-05-04,0.0,0.0
2015-05-05,0.0051,5.1000000000000006e-05
2015-05-06,0.0051,5.1000000000000006e-05
2015-05-07,0.0051,5.1000000000000006e-05
2015-05-08,0.0051,5.1000000000000006e-05
2015-05-11,0.0051,5.1000000000000006e-05
2015-05-12,0.0101,0.000101
2015-05-13,0.0152,0.000152
2015-05-14,0.0101,0.000101
2015-05-15,0.0101,0.000101
2015-05-18,0.0051,5.1000000000000006e-05
2015-05-19,0.0101,0.000101
2015-05-20,0.0152,0.000152
2015-05-21,0.0101,0.000101
2015-05-22,0.0101,0.000101
2015-05-25,0.0101,0.000101
2015-05-26,0.0101,0.000101
2015-05-27,0.0051,5.1000000000000006e-05
2015-05-28,0.0,0.0
2015-05-29,0.0,0.0
2015-06-01,0.0,0.0
2015-06-02,0.0051,5.1000000000000006e-05
2015-06-03,0.0102,0.00010200000000000001
2015-06-04,0.0102,0.00010200000000000001
2015-06-05,0.0153,0.000153
2015-06-08,0.0102,0.00010200000000000001
2015-06-09,0.0102,0.00010200000000000001
2015-06-10,0.0153,0.000153
2015-06-11,0.0102,0.00010200000000000001
2015-06-12,0.0051,5.1000000000000006e-05
2015-06-15,0.0051,5.1000000000000006e-05
2015-06-16,0.0051,5.1000000000000006e-05
2015-06-17,0.0,0.0
2015-06-18,0.0,0.0
2015-06-19,0.0,0.0
2015-06-22,0.0,0.0
2015-06-23,0.0051,5.1000000000000006e-05
2015-06-24,0.0,0.0
2015-06-25,0.0,0.0
2015-06-26,0.0,0.0
2015-06-29,0.0,0.0
2015-06-30,0.0051,5.1000000000000006e-05
2015-07-01,0.0153,0.000153
2015-07-02,0.0,0.0
2015-07-03,0.0,0.0
2015-07-06,0.0102,0.00010200000000000001
2015-07-07,0.0102,0.00010200000000000001
2015-07-08,0.0102,0.00010200000000000001
2015-07-09,0.0102,0.00010200000000000001
2015-07-10,0.0051,5.1000000000000006e-05
2015-07-13,-0.0102,-0.00010200000000000001
2015-07-14,0.0051,5.1000000000000006e-05
2015-07-15,0.0101,0.000101
2015-07-16,0.0152,0.000152
2015-07-17,0.0152,0.000152
2015-07-20,0.0203,0.00020299999999999997
2015-07-21,0.0254,0.000254
2015-07-22,0.0305,0.000305
2015-07-23,0.0305,0.000305
2015-07-24,0.0305,0.000305
2015-07-27,0.0305,0.000305
2015-07-28,0.0458,0.000458
2015-07-29,0.0458,0.000458
2015-07-30,0.0661,0.000661
2015-07-31,0.061,0.00061
2015-08-03,0.0661,0.000661
2015-08-04,0.0763,0.0007630000000000001
2015-08-05,0.0712,0.000712
2015-08-06,0.0356,0.000356
2015-08-07,0.061,0.00061
2015-08-10,0.0661,0.000661
2015-08-11,0.1014,0.0010140000000000001
2015-08-12,0.0963,0.000963
2015-08-13,0.0862,0.000862
2015-08-14,0.0811,0.0008110000000000001
2015-08-17,0.0608,0.000608
2015-08-18,0.0661,0.000661
2015-08-19,0.0407,0.000407
2015-08-20,0.0153,0.000153
2015-08-21,0.0203,0.00020299999999999997
2015-08-24,0.0153,0.000153
2015-08-25,0.0508,0.000508
2015-08-26,0.0508,0.000508
2015-08-27,0.0508,0.000508
2015-08-28,0.0508,0.000508
2015-08-31,0.0,0.0
2015-09-01,0.0356,0.000356
2015-09-02,0.0102,0.00010200000000000001
2015-09-03,0.0153,0.000153
2015-09-04,0.0254,0.000254
2015-09-07,0.0254,0.000254
2015-09-08,0.0254,0.000254
2015-09-09,0.0253,0.00025299999999999997
2015-09-10,0.0152,0.000152
2015-09-11,0.0253,0.00025299999999999997
2015-09-14,0.0203,0.00020299999999999997
2015-09-15,0.0559,0.000559
2015-09-16,0.0508,0.000508
2015-09-17,-0.0051,-5.1000000000000006e-05
2015-09-18,-0.0152,-0.000152
2015-09-21,-0.0152,-0.000152
2015-09-22,-0.0051,-5.1000000000000006e-05
2015-09-23,0.0051,5.1000000000000006e-05
2015-09-24,0.0,0.0
2015-09-25,-0.0203,-0.00020299999999999997
2015-09-28,-0.0051,-5.1000000000000006e-05
2015-09-29,-0.0102,-0.00010200000000000001
2015-09-30,-0.0203,-0.00020299999999999997
2015-10-01,-0.0254,-0.000254
2015-10-02,-0.0051,-5.1000000000000006e-05
2015-10-05,-0.0102,-0.00010200000000000001
2015-10-06,-0.0051,-5.1000000000000006e-05
2015-10-07,-0.0051,-5.1000000000000006e-05
2015-10-08,0.0,0.0
2015-10-09,0.0,0.0
2015-10-12,0.0,0.0
2015-10-13,0.0,0.0
2015-10-14,-0.0051,-5.1000000000000006e-05
2015-10-15,-0.0051,-5.1000000000000006e-05
2015-10-16,0.0,0.0
2015-10-19,-0.0051,-5.1000000000000006e-05
2015-10-20,0.0102,0.00010200000000000001
2015-10-21,0.0,0.0
2015-10-22,0.0,0.0
2015-10-23,0.0,0.0
2015-10-26,0.0153,0.000153
2015-10-27,0.0153,0.000153
2015-10-28,0.0356,0.000356
2015-10-29,0.061,0.00061
2015-10-30,0.0712,0.000712
2015-11-02,0.0508,0.000508
2015-11-03,0.0507,0.0005070000000000001
2015-11-04,0.0355,0.00035499999999999996
2015-11-05,0.0355,0.00035499999999999996
2015-11-06,0.0761,0.000761
2015-11-09,0.0761,0.000761
2015-11-10,0.1271,0.001271
2015-11-11,0.1271,0.001271
2015-11-12,0.1271,0.001271
2015-11-13,0.1169,0.0011690000000000001
2015-11-16,0.1017,0.001017
2015-11-17,0.117,0.00117
2015-11-18,0.1119,0.001119
2015-11-19,0.0915,0.000915
2015-11-20,0.0966,0.0009660000000000001
2015-11-23,0.1068,0.0010680000000000002
2015-11-24,0.1576,0.001576
2015-11-25,0.1729,0.001729
2015-11-26,0.1729,0.001729
2015-11-27,0.1678,0.001678
2015-11-30,0.1678,0.001678
2015-12-01,0.1983,0.001983
2015-12-02,0.2034,0.002034
2015-12-03,0.2034,0.002034
2015-12-04,0.2136,0.0021360000000000003
2015-12-07,0.2289,0.002289
2015-12-08,0.2696,0.002696
2015-12-09,0.2492,0.002492
2015-12-10,0.2289,0.002289
2015-12-11,0.2187,0.002187
2015-12-14,0.2034,0.002034
2015-12-15,0.2441,0.002441
2015-12-16,0.2492,0.002492
2015-12-17,0.2187,0.002187
2015-12-18,0.1729,0.001729
2015-12-21,0.1576,0.001576
2015-12-22,0.1882,0.001882
2015-12-23,0.1933,0.001933
2015-12-24,0.1983,0.001983
2015-12-25,0.1983,0.001983
2015-12-28,0.1933,0.001933
2015-12-29,0.1933,0.001933
2015-12-30,0.1424,0.001424
2015-12-31,0.1627,0.0016270000000000002
2016-01-01,0.1627,0.0016270000000000002
2016-01-04,0.1627,0.0016270000000000002
2016-01-05,0.1983,0.001983
2016-01-06,0.1983,0.001983
2016-01-07,0.1983,0.001983
2016-01-08,0.1933,0.001933
2016-01-11,0.1882,0.001882
2016-01-12,0.2085,0.002085
2016-01-13,0.2187,0.002187
2016-01-14,0.2441,0.002441
2016-01-15,0.2289,0.002289
2016-01-18,0.2289,0.002289
2016-01-19,0.239,0.0023899999999999998
2016-01-20,0.2594,0.0025940000000000004
2016-01-21,0.2798,0.002798
2016-01-22,0.295,0.00295
2016-01-25,0.2849,0.002849
2016-01-26,0.3103,0.0031030000000000003
2016-01-27,0.3154,0.003154
2016-01-28,0.3256,0.003256
2016-01-29,0.3103,0.0031030000000000003
2016-02-01,0.3001,0.0030009999999999998
2016-02-02,0.3358,0.003358
2016-02-03,0.3307,0.003307
2016-02-04,0.29,0.0029
2016-02-05,0.2899,0.002899
2016-02-08,0.2645,0.002645
2016-02-09,0.3052,0.0030520000000000005
2016-02-10,0.3052,0.0030520000000000005
2016-02-11,0.2798,0.002798
2016-02-12,0.2798,0.002798
2016-02-15,0.2798,0.002798
2016-02-16,0.2798,0.002798
2016-02-17,0.3001,0.0030009999999999998
2016-02-18,0.29,0.0029
2016-02-19,0.2899,0.002899
2016-02-22,0.3001,0.0030009999999999998
2016-02-23,0.3205,0.003205
2016-02-24,0.3307,0.003307
2016-02-25,0.3205,0.003205
2016-02-26,0.3103,0.0031030000000000003
2016-02-29,0.3154,0.003154
2016-03-01,0.3256,0.003256
2016-03-02,0.295,0.00295
2016-03-03,0.2747,0.002747
2016-03-04,0.2645,0.002645
2016-03-07,0.2747,0.002747
2016-03-08,0.3001,0.0030009999999999998
2016-03-09,0.3001,0.0030009999999999998
2016-03-10,0.3103,0.0031030000000000003
2016-03-11,0.3154,0.003154
2016-03-14,0.3154,0.003154
2016-03-15,0.3307,0.003307
2016-03-16,0.295,0.00295
2016-03-17,0.2798,0.002798
2016-03-18,0.2849,0.002849
2016-03-21,0.3001,0.0030009999999999998
2016-03-22,0.2951,0.0029509999999999996
2016-03-23,0.3001,0.0030009999999999998
2016-03-24,0.2798,0.002798
2016-03-25,0.2798,0.002798
2016-03-28,0.2645,0.002645
2016-03-29,0.2238,0.002238
2016-03-30,0.1933,0.001933
2016-03-31,0.1983,0.001983
2016-04-01,0.2238,0.002238
2016-04-04,0.1933,0.001933
2016-04-05,0.2136,0.0021360000000000003
2016-04-06,0.2289,0.002289
2016-04-07,0.2289,0.002289
2016-04-08,0.2238,0.002238
2016-04-11,0.2136,0.0021360000000000003
2016-04-12,0.2238,0.002238
2016-04-13,0.2238,0.002238
2016-04-14,0.2187,0.002187
2016-04-15,0.2187,0.002187
2016-04-18,0.2034,0.002034
2016-04-19,0.2085,0.002085
2016-04-20,0.2238,0.002238
2016-04-21,0.2289,0.002289
2016-04-22,0.2289,0.002289
2016-04-25,0.2492,0.002492
2016-04-26,0.2441,0.002441
2016-04-27,0.234,0.00234
2016-04-28,0.2085,0.002085
2016-04-29,0.2085,0.002085
2016-05-02,0.1882,0.001882
2016-05-03,0.1983,0.001983
2016-05-04,0.1882,0.001882
2016-05-05,0.1882,0.001882
2016-05-06,0.1933,0.001933
2016-05-09,0.2136,0.0021360000000000003
2016-05-10,0.2441,0.002441
2016-05-11,0.2543,0.002543
2016-05-12,0.2645,0.002645
2016-05-13,0.2645,0.002645
2016-05-16,0.2645,0.002645
2016-05-17,0.2849,0.002849
2016-05-18,0.295,0.00295
2016-05-19,0.3001,0.0030009999999999998
2016-05-20,0.3052,0.0030520000000000005
2016-05-23,0.3205,0.003205
2016-05-24,0.346,0.0034599999999999995
2016-05-25,0.3256,0.003256
2016-05-26,0.2849,0.002849
2016-05-27,0.3103,0.0031030000000000003
2016-05-30,0.3103,0.0031030000000000003
2016-05-31,0.2849,0.002849
2016-06-01,0.2892,0.002892
2016-06-02,0.2739,0.0027389999999999997
2016-06-03,0.279,0.0027900000000000004
2016-06-06,0.2587,0.002587
2016-06-07,0.2638,0.0026379999999999997
2016-06-08,0.2333,0.002333
2016-06-09,0.2486,0.002486
2016-06-10,0.2435,0.002435
2016-06-13,0.2536,0.002536
2016-06-14,0.2645,0.002645
2016-06-15,0.2543,0.002543
2016-06-16,0.2543,0.002543
2016-06-17,0.2543,0.002543
2016-06-20,0.2492,0.002492
2016-06-21,0.2689,0.0026889999999999996
2016-06-22,0.2638,0.0026379999999999997
2016-06-23,0.2841,0.002841
2016-06-24,0.2485,0.002485
2016-06-27,0.2435,0.002435
2016-06-28,0.2536,0.002536
2016-06-29,0.2587,0.002587
2016-06-30,0.2587,0.002587
2016-07-01,0.2536,0.002536
2016-07-04,0.2536,0.002536
2016-07-05,0.2435,0.002435
2016-07-06,0.2689,0.0026889999999999996
2016-07-07,0.2841,0.002841
2016-07-08,0.2739,0.0027389999999999997
2016-07-11,0.279,0.0027900000000000004
2016-07-12,0.29,0.0029
2016-07-13,0.3001,0.0030009999999999998
2016-07-14,0.3103,0.0031030000000000003
2016-07-15,0.3001,0.0030009999999999998
2016-07-18,0.295,0.00295
2016-07-19,0.3095,0.003095
2016-07-20,0.3196,0.003196
2016-07-21,0.3095,0.003095
2016-07-22,0.3145,0.0031450000000000002
2016-07-25,0.3044,0.003044
2016-07-26,0.3044,0.003044
2016-07-27,0.279,0.0027900000000000004
2016-07-28,0.2384,0.002384
2016-07-29,0.2536,0.002536
2016-08-01,0.2536,0.002536
2016-08-02,0.2689,0.0026889999999999996
2016-08-03,0.2638,0.0026379999999999997
2016-08-04,0.2536,0.002536
2016-08-05,0.2587,0.002587
2016-08-08,0.2587,0.002587
2016-08-09,0.2798,0.002798
2016-08-10,0.2798,0.002798
2016-08-11,0.2798,0.002798
2016-08-12,0.2747,0.002747
2016-08-15,0.2849,0.002849
2016-08-16,0.2739,0.0027389999999999997
2016-08-17,0.2942,0.002942
2016-08-18,0.2942,0.002942
2016-08-19,0.2993,0.002993
2016-08-22,0.2892,0.002892
2016-08-23,0.2993,0.002993
2016-08-24,0.3146,0.003146
2016-08-25,0.3196,0.003196
2016-08-26,0.3145,0.0031450000000000002
2016-08-29,0.3095,0.003095
2016-08-30,0.3247,0.003247
2016-08-31,0.3298,0.0032979999999999997
2016-09-01,0.3247,0.003247
2016-09-02,0.3196,0.003196
2016-09-05,0.3196,0.003196
2016-09-06,0.3095,0.003095
2016-09-07,0.3358,0.003358
2016-09-08,0.3409,0.0034089999999999997
2016-09-09,0.3358,0.003358
2016-09-12,0.3612,0.003612
2016-09-13,0.3501,0.003501
2016-09-14,0.3196,0.003196
2016-09-15,0.2841,0.002841
2016-09-16,0.279,0.0027900000000000004
2016-09-19,0.2485,0.002485
2016-09-20,0.2892,0.002892
2016-09-21,0.2029,0.002029
2016-09-22,0.1674,0.001674
2016-09-23,0.1674,0.001674
2016-09-26,0.1826,0.0018260000000000001
2016-09-27,0.2536,0.002536
2016-09-28,0.2739,0.0027389999999999997
2016-09-29,0.2536,0.002536
2016-09-30,0.2739,0.0027389999999999997
2016-10-03,0.2993,0.002993
2016-10-04,0.3205,0.003205
2016-10-05,0.3205,0.003205
2016-10-06,0.3205,0.003205
2016-10-07,0.3154,0.003154
2016-10-10,0.3154,0.003154
2016-10-11,0.3307,0.003307
2016-10-12,0.3399,0.0033989999999999997
2016-10-13,0.2841,0.002841
2016-10-14,0.2892,0.002892
2016-10-17,0.2993,0.002993
2016-10-18,0.3349,0.0033489999999999995
2016-10-19,0.3298,0.0032979999999999997
2016-10-20,0.3298,0.0032979999999999997
2016-10-21,0.3247,0.003247
2016-10-24,0.3196,0.003196
2016-10-25,0.3298,0.0032979999999999997
2016-10-26,0.3247,0.003247
2016-10-27,0.2841,0.002841
2016-10-28,0.279,0.0027900000000000004
2016-10-31,0.2993,0.002993
2016-11-01,0.3511,0.0035110000000000002
2016-11-02,0.3612,0.003612
2016-11-03,0.3663,0.003663
2016-11-04,0.3663,0.003663
2016-11-07,0.402,0.00402
2016-11-08,0.4161,0.004161000000000001
2016-11-09,0.4263,0.004263
2016-11-10,0.4669,0.0046689999999999995
2016-11-11,0.4669,0.0046689999999999995
2016-11-14,0.5126,0.0051259999999999995
2016-11-15,0.4822,0.004822
2016-11-16,0.4568,0.004568
2016-11-17,0.4263,0.004263
2016-11-18,0.4313,0.004313
2016-11-21,0.4313,0.004313
2016-11-22,0.4822,0.004822
2016-11-23,0.4923,0.004923
2016-11-24,0.4923,0.004923
2016-11-25,0.4923,0.004923
2016-11-28,0.4618,0.004618
2016-11-29,0.4771,0.004771
2016-11-30,0.4771,0.004771
2016-12-01,0.4669,0.0046689999999999995
2016-12-02,0.4618,0.004618
2016-12-05,0.4618,0.004618
2016-12-06,0.4873,0.004873
2016-12-07,0.4974,0.004974
2016-12-08,0.5025,0.005024999999999999
2016-12-09,0.533,0.0053300000000000005
2016-12-12,0.5025,0.005024999999999999
2016-12-13,0.533,0.0053300000000000005
2016-12-14,0.533,0.0053300000000000005
2016-12-15,0.4974,0.004974
2016-12-16,0.4923,0.004923
2016-12-19,0.4872,0.0048720000000000005
2016-12-20,0.5076,0.005076000000000001
2016-12-21,0.5025,0.005024999999999999
2016-12-22,0.5025,0.005024999999999999
2016-12-23,0.5076,0.005076000000000001
2016-12-26,0.5076,0.005076000000000001
2016-12-27,0.5126,0.0051259999999999995
2016-12-28,0.5076,0.005076000000000001
2016-12-29,0.4466,0.004466
2016-12-30,0.4974,0.004974
2017-01-02,0.4974,0.004974
2017-01-03,0.4872,0.0048720000000000005
2017-01-04,0.5279,0.005279000000000001
2017-01-05,0.5127,0.0051270000000000005
2017-01-06,0.5126,0.0051259999999999995
2017-01-09,0.4974,0.004974
2017-01-10,0.5076,0.005076000000000001
2017-01-11,0.5076,0.005076000000000001
2017-01-12,0.5127,0.0051270000000000005
2017-01-13,0.5228,0.005228
2017-01-16,0.5228,0.005228
2017-01-17,0.5228,0.005228
2017-01-18,0.5228,0.005228
2017-01-19,0.5025,0.005024999999999999
2017-01-20,0.4974,0.004974
2017-01-23,0.4872,0.0048720000000000005
2017-01-24,0.5025,0.005024999999999999
2017-01-25,0.4923,0.004923
2017-01-26,0.4974,0.004974
2017-01-27,0.5076,0.005076000000000001
2017-01-30,0.5025,0.005024999999999999
2017-01-31,0.5127,0.0051270000000000005
2017-02-01,0.5025,0.005024999999999999
2017-02-02,0.4974,0.004974
2017-02-03,0.4974,0.004974
2017-02-06,0.5177,0.005177
2017-02-07,0.5178,0.005178
2017-02-08,0.533,0.0053300000000000005
2017-02-09,0.5381,0.005381
2017-02-10,0.533,0.0053300000000000005
2017-02-13,0.533,0.0053300000000000005
2017-02-14,0.5381,0.005381
2017-02-15,0.533,0.0053300000000000005
2017-02-16,0.5177,0.005177
2017-02-17,0.5126,0.0051259999999999995
2017-02-20,0.5126,0.0051259999999999995
2017-02-21,0.5126,0.0051259999999999995
2017-02-22,0.5127,0.0051270000000000005
2017-02-23,0.5076,0.005076000000000001
2017-02-24,0.5025,0.005024999999999999
2017-02-27,0.5025,0.005024999999999999
2017-02-28,0.6042,0.006042
2017-03-01,0.6194,0.006194
2017-03-02,0.6601,0.006601
2017-03-03,0.6957,0.006957
2017-03-06,0.7211,0.0072109999999999995
2017-03-07,0.7415,0.007415000000000001
2017-03-08,0.7161,0.007161
2017-03-09,0.7262,0.007261999999999999
2017-03-10,0.7414,0.007414
2017-03-13,0.7414,0.007414
2017-03-14,0.7619,0.007619
2017-03-15,0.7212,0.007212
2017-03-16,0.7211,0.0072109999999999995
2017-03-17,0.7262,0.007261999999999999
2017-03-20,0.7262,0.007261999999999999
2017-03-21,0.7568,0.007568
2017-03-22,0.7619,0.007619
2017-03-23,0.7618,0.007618000000000001
2017-03-24,0.7618,0.007618000000000001
2017-03-27,0.772,0.00772
2017-03-28,0.7721,0.007721
2017-03-29,0.772,0.00772
2017-03-30,0.7568,0.007568
2017-03-31,0.7516,0.007516
2017-04-03,0.7567,0.007567000000000001
2017-04-04,0.7721,0.007721
2017-04-05,0.7975,0.007975
2017-04-06,0.8026,0.008026
2017-04-07,0.8127,0.008127
2017-04-10,0.8025,0.008025
2017-04-11,0.8077,0.008076999999999999
2017-04-12,0.8026,0.008026
2017-04-13,0.8025,0.008025
2017-04-14,0.8025,0.008025
2017-04-17,0.8025,0.008025
2017-04-18,0.8026,0.008026
2017-04-19,0.7975,0.007975
2017-04-20,0.7873,0.007873
2017-04-21,0.772,0.00772
2017-04-24,0.7872,0.007872
2017-04-25,0.8128,0.008128
2017-04-26,0.8077,0.008076999999999999
2017-04-27,0.7975,0.007975
2017-04-28,0.7923,0.007923
2017-05-01,0.8025,0.008025
2017-05-02,0.8433,0.008433000000000001
2017-05-03,0.8637,0.008637
2017-05-04,0.8738,0.008738000000000001
2017-05-05,0.8839,0.008839
2017-05-08,0.889,0.00889
2017-05-09,0.8942,0.008942
2017-05-10,0.8891,0.008891
2017-05-11,0.8738,0.008738000000000001
2017-05-12,0.8687,0.008687
2017-05-15,0.8737,0.008737
2017-05-16,0.8993,0.008993
2017-05-17,0.8891,0.008891
2017-05-18,0.9095,0.009094999999999999
2017-05-19,0.9043,0.009043
2017-05-22,0.8941,0.008941
2017-05-23,0.9044,0.009044
2017-05-24,0.9197,0.009197
2017-05-25,0.9197,0.009197
2017-05-26,0.9246,0.009245999999999999
2017-05-29,0.9246,0.009245999999999999
2017-05-30,0.9297,0.009297
2017-05-31,0.9706,0.009706
2017-06-01,0.9706,0.009706
2017-06-02,0.9705,0.009705
2017-06-05,0.9705,0.009705
2017-06-06,0.9706,0.009706
2017-06-07,0.9859,0.009859
2017-06-08,0.991,0.00991
2017-06-09,0.996,0.00996
2017-06-12,0.9959,0.009959
2017-06-13,0.9961,0.009961
2017-06-14,1.0012,0.010012
2017-06-15,1.0011,0.010011
2017-06-16,1.0011,0.010011
2017-06-19,1.001,0.010009999999999998
2017-06-20,1.0114,0.010114000000000001
2017-06-21,0.9808,0.009808
2017-06-22,0.9451,0.009451000000000001
2017-06-23,0.9501,0.009500999999999999
2017-06-26,0.9501,0.009500999999999999
2017-06-27,1.0012,0.010012
2017-06-28,1.0012,0.010012
2017-06-29,1.0215,0.010215
2017-06-30,1.0113,0.010113
2017-07-03,1.0214,0.010214
2017-07-04,1.0214,0.010214
2017-07-05,1.0419,0.010419000000000001
2017-07-06,1.0317,0.010317
2017-07-07,1.0265,0.010265
2017-07-10,1.0265,0.010265
2017-07-11,1.0369,0.010369
2017-07-12,1.0419,0.010419000000000001
2017-07-13,1.0317,0.010317
2017-07-14,1.0316,0.010316
2017-07-17,1.0367,0.010367
2017-07-18,1.0522,0.010522
2017-07-19,1.1031,0.011031
2017-07-20,1.1387,0.011387000000000001
2017-07-21,1.159,0.01159
2017-07-24,1.1692,0.011692000000000001
2017-07-25,1.1541,0.011541
2017-07-26,1.1133,0.011132999999999999
2017-07-27,1.0929,0.010929
2017-07-28,1.0775,0.010775
2017-07-31,1.0724,0.010724000000000001
2017-08-01,1.0674,0.010674
2017-08-02,1.0674,0.010674
2017-08-03,1.0725,0.010725
2017-08-04,1.0698,0.010698000000000001
2017-08-07,1.0507,0.010506999999999999
2017-08-08,1.0445,0.010445
2017-08-09,1.0445,0.010445
2017-08-10,1.0304,0.010304
2017-08-11,1.0316,0.010316
2017-08-14,1.0201,0.010201
2017-08-15,1.019,0.01019
2017-08-16,1.0037,0.010037
2017-08-17,0.9961,0.009961
2017-08-18,1.0011,0.010011
2017-08-21,0.9756,0.009756
2017-08-22,0.9974,0.009974
2017-08-23,0.9948,0.009948
2017-08-24,1.0114,0.010114000000000001
2017-08-25,1.0036,0.010036
2017-08-28,1.0189,0.010188999999999998
2017-08-29,1.0076,0.010076
2017-08-30,1.0101,0.010101
2017-08-31,0.991,0.00991
2017-09-01,0.9998,0.009998
2017-09-04,0.9998,0.009998
2017-09-05,0.9997,0.009997
2017-09-06,1.0547,0.010546999999999999
2017-09-07,1.0394,0.010394
2017-09-08,1.0367,0.010367
2017-09-11,1.0341,0.010341
2017-09-12,1.0267,0.010267
2017-09-13,1.0343,0.010343
2017-09-14,1.0432,0.010431999999999999
2017-09-15,1.0265,0.010265
2017-09-18,1.0125,0.010125
2017-09-19,1.0267,0.010267
2017-09-20,1.0279,0.010279
2017-09-21,1.0279,0.010279
2017-09-22,1.0202,0.010202
2017-09-25,1.0074,0.010074000000000001
2017-09-26,1.0496,0.010496
2017-09-27,1.0458,0.010458
2017-09-28,1.047,0.01047
2017-09-29,1.0405,0.010405
2017-10-02,1.0201,0.010201
2017-10-03,1.0445,0.010445
2017-10-04,1.061,0.01061
2017-10-05,1.0597,0.010597
2017-10-06,1.0622,0.010622
2017-10-09,1.0622,0.010622
2017-10-10,1.0723,0.010723
2017-10-11,1.0878,0.010878
2017-10-12,1.0712,0.010712
2017-10-13,1.0673,0.010672999999999998
2017-10-16,1.0622,0.010622
2017-10-17,1.0878,0.010878
2017-10-18,1.0878,0.010878
2017-10-19,1.0852,0.010851999999999999
2017-10-20,1.103,0.01103
2017-10-23,1.0876,0.010875999999999999
2017-10-24,1.1108,0.011108
2017-10-25,1.098,0.01098
2017-10-26,1.0954,0.010953999999999998
2017-10-27,1.0928,0.010928
2017-10-30,1.0927,0.010927
2017-10-31,1.1312,0.011312
2017-11-01,1.1592,0.011592
2017-11-02,1.1591,0.011591
2017-11-03,1.1692,0.011692000000000001
2017-11-06,1.1768,0.011768
2017-11-07,1.1987,0.011987000000000001
2017-11-08,1.2229,0.012229
2017-11-09,1.2229,0.012229
2017-11-10,1.2202,0.012202
2017-11-13,1.2074,0.012074
2017-11-14,1.2408,0.012407999999999999
2017-11-15,1.2382,0.012381999999999999
2017-11-16,1.2535,0.012535000000000001
2017-11-17,1.2585,0.012584999999999999
2017-11-20,1.2584,0.012584
2017-11-21,1.2714,0.012714000000000001
2017-11-22,1.2841,0.012841
2017-11-23,1.2841,0.012841
2017-11-24,1.261,0.01261
2017-11-27,1.2431,0.012431000000000001
2017-11-28,1.2765,0.012765
2017-11-29,1.2841,0.012841
2017-11-30,1.256,0.01256
2017-12-01,1.2585,0.012584999999999999
2017-12-04,1.2686,0.012686
2017-12-05,1.2893,0.012892999999999998
2017-12-06,1.2816,0.012816000000000001
2017-12-07,1.2764,0.012764
2017-12-08,1.2712,0.012712000000000001
2017-12-11,1.2865,0.012865
2017-12-12,1.325,0.01325
2017-12-13,1.2969,0.012969
2017-12-14,1.3019,0.013019000000000001
2017-12-15,1.312,0.01312
2017-12-18,1.3375,0.013375
2017-12-19,1.3658,0.013657999999999998
2017-12-20,1.3734,0.013734
2017-12-21,1.3402,0.013402
2017-12-22,1.3222,0.013222000000000001
2017-12-25,1.3222,0.013222000000000001
2017-12-26,1.3298,0.013298
2017-12-27,1.4321,0.014320999999999999
2017-12-28,1.3759,0.013758999999999999
2017-12-29,1.3757,0.013756999999999998
2018-01-01,1.3757,0.013756999999999998
2018-01-02,1.3884,0.013884
2018-01-03,1.3913,0.013913
2018-01-04,1.3964,0.013964
2018-01-05,1.3936,0.013935999999999999
2018-01-08,1.4063,0.014063
2018-01-09,1.4245,0.014245
2018-01-10,1.4194,0.014194
2018-01-11,1.427,0.01427
2018-01-12,1.437,0.01437
2018-01-15,1.437,0.01437
2018-01-16,1.419,0.014190000000000001
2018-01-17,1.4398,0.014398
2018-01-18,1.427,0.01427
2018-01-19,1.4268,0.014268000000000001
2018-01-22,1.4166,0.014166000000000002
2018-01-23,1.4348,0.014348000000000001
2018-01-24,1.4296,0.014296
2018-01-25,1.4168,0.014168
2018-01-26,1.4115,0.014114999999999999
2018-01-29,1.4038,0.014038
2018-01-30,1.4424,0.014424
2018-01-31,1.4551,0.014551000000000001
2018-02-01,1.478,0.01478
2018-02-02,1.4728,0.014728000000000002
2018-02-05,1.4804,0.014804
2018-02-06,1.5165,0.015165
2018-02-07,1.5419,0.015419
2018-02-08,1.5393,0.015392999999999999
2018-02-09,1.5545,0.015545
2018-02-12,1.5697,0.015697000000000003
2018-02-13,1.5829,0.015829
2018-02-14,1.5726,0.015726
2018-02-15,1.5879,0.015879
2018-02-16,1.5901,0.015901000000000002
2018-02-19,1.5901,0.015901000000000002
2018-02-20,1.5952,0.015952
2018-02-21,1.639,0.016390000000000002
2018-02-22,1.6338,0.016338
2018-02-23,1.6387,0.016387
2018-02-26,1.6387,0.016387
2018-02-27,1.6596,0.016596
2018-02-28,1.6518,0.016517999999999998
2018-03-01,1.6109,0.016109
2018-03-02,1.6387,0.016387
2018-03-05,1.6565,0.016565
2018-03-06,1.6621,0.016621
2018-03-07,1.6748,0.016748
2018-03-08,1.6543,0.016543000000000002
2018-03-09,1.6592,0.016592
2018-03-12,1.6744,0.016744000000000002
2018-03-13,1.703,0.01703
2018-03-14,1.7489,0.017488999999999998
2018-03-15,1.7616,0.017616
2018-03-16,1.7691,0.017691
2018-03-19,1.7562,0.017562
2018-03-20,1.7874,0.017874
2018-03-21,1.7413,0.017413
2018-03-22,1.7105,0.017105
2018-03-23,1.7154,0.017154
2018-03-26,1.7383,0.017383
2018-03-27,1.7516,0.017516
2018-03-28,1.7183,0.017183
2018-03-29,1.7001,0.017001
2018-03-30,1.7001,0.017001
2018-04-02,1.7153,0.017153
2018-04-03,1.7388,0.017388
2018-04-04,1.6953,0.016953
2018-04-05,1.7054,0.017054
2018-04-06,1.7077,0.017077
2018-04-09,1.7076,0.017076
2018-04-10,1.7209,0.017209000000000002
2018-04-11,1.7208,0.017208
2018-04-12,1.7437,0.017437
2018-04-13,1.7486,0.017485999999999998
2018-04-16,1.7409,0.017408999999999997
2018-04-17,1.7797,0.017797
2018-04-18,1.8078,0.018078
2018-04-19,1.8102,0.018102
2018-04-20,1.7997,0.017997
2018-04-23,1.8175,0.018175
2018-04-24,1.8488,0.018488
2018-04-25,1.8436,0.018435999999999998
2018-04-26,1.8077,0.018077
2018-04-27,1.8023,0.018023
2018-04-30,1.7996,0.017996
2018-05-01,1.8309,0.018309
2018-05-02,1.8231,0.018231
2018-05-03,1.823,0.01823
2018-05-04,1.8253,0.018253
2018-05-07,1.8252,0.018252
2018-05-08,1.8539,0.018539
2018-05-09,1.8794,0.018793999999999998
2018-05-10,1.8844,0.018844
2018-05-11,1.8995,0.018994999999999998
2018-05-14,1.8942,0.018942
2018-05-15,1.9,0.019
2018-05-16,1.8973,0.018973
2018-05-17,1.8998,0.018998
2018-05-18,1.8816,0.018816
2018-05-21,1.8994,0.018994
2018-05-22,1.9204,0.019204000000000002
2018-05-23,1.905,0.01905
2018-05-24,1.8921,0.018921
2018-05-25,1.8891,0.018891
2018-05-28,1.8891,0.018891
2018-05-29,1.8737,0.018737
2018-05-30,1.9127,0.019127
2018-05-31,1.8946,0.018946
2018-06-01,1.9046,0.019046
2018-06-04,1.9019,0.019018999999999998
2018-06-05,1.9332,0.019332000000000002
2018-06-06,1.9331,0.019331
2018-06-07,1.9202,0.019202
2018-06-08,1.9071,0.019071
2018-06-11,1.8968,0.018968
2018-06-12,1.9153,0.019153
2018-06-13,1.9203,0.019202999999999998
2018-06-14,1.9228,0.019228000000000002
2018-06-15,1.9174,0.019174
2018-06-18,1.9198,0.019198
2018-06-19,1.923,0.01923
2018-06-20,1.9229,0.019229
2018-06-21,1.9279,0.019279
2018-06-22,1.9071,0.019071
2018-06-25,1.884,0.01884
2018-06-26,1.9153,0.019153
2018-06-27,1.9178,0.019178
2018-06-28,1.9126,0.019126
2018-06-29,1.9123,0.019123
2018-07-02,1.9249,0.019249000000000002
2018-07-03,1.9613,0.019613000000000002
2018-07-04,1.9613,0.019613000000000002
2018-07-05,1.9433,0.019433
2018-07-06,1.9404,0.019403999999999998
2018-07-09,1.9505,0.019504999999999998
2018-07-10,1.9691,0.019691
2018-07-11,1.9536,0.019536
2018-07-12,1.9612,0.019612
2018-07-13,1.966,0.01966
2018-07-16,1.9761,0.019761
2018-07-17,2.0075,0.020075
2018-07-18,1.9971,0.019971000000000003
2018-07-19,1.9842,0.019842
2018-07-20,1.9685,0.019684999999999998
2018-07-23,1.9556,0.019556
2018-07-24,1.9844,0.019844
2018-07-25,1.992,0.01992
2018-07-26,1.9816,0.019816
2018-07-27,1.9813,0.019813
2018-07-30,1.9812,0.019812
2018-07-31,2.0203,0.020203000000000002
2018-08-01,2.0176,0.020176
2018-08-02,2.0021,0.020021
2018-08-03,2.0018,0.020017999999999998
2018-08-06,2.0068,0.020068000000000003
2018-08-07,2.0433,0.020433
2018-08-08,2.0483,0.020482999999999998
2018-08-09,2.0431,0.020430999999999998
2018-08-10,2.0427,0.020427
2018-08-13,2.0375,0.020375
2018-08-14,2.0664,0.020664
2018-08-15,2.0534,0.020534
2018-08-16,2.0456,0.020456
2018-08-17,2.0325,0.020325000000000003
2018-08-20,2.0324,0.020324
2018-08-21,2.0614,0.020614
2018-08-22,2.0715,0.020714999999999997
2018-08-23,2.0739,0.020739
2018-08-24,2.0864,0.020863999999999997
2018-08-27,2.0965,0.020964999999999998
2018-08-28,2.1099,0.021099
2018-08-29,2.1175,0.021175000000000003
2018-08-30,2.0969,0.020969
2018-08-31,2.0938,0.020938
2018-09-03,2.0938,0.020938
2018-09-04,2.1091,0.021091000000000002
2018-09-05,2.1303,0.021303000000000002
2018-09-06,2.125,0.02125
2018-09-07,2.1298,0.021297999999999997
2018-09-10,2.1245,0.021245
2018-09-11,2.1381,0.021381
2018-09-12,2.1354,0.021354
2018-09-13,2.1327,0.021327
2018-09-14,2.1426,0.021425999999999997
2018-09-17,2.1476,0.021476000000000002
2018-09-18,2.1612,0.021612
2018-09-19,2.161,0.02161
2018-09-20,2.1609,0.021609
2018-09-21,2.1631,0.021631
2018-09-24,2.1655,0.021655
2018-09-25,2.2047,0.022046999999999997
2018-09-26,2.1918,0.021918000000000003
2018-09-27,2.184,0.021840000000000002
2018-09-28,2.1964,0.021964
2018-10-01,2.1937,0.021937
2018-10-02,2.2073,0.022073
2018-10-03,2.2174,0.022174
2018-10-04,2.2121,0.022121
2018-10-05,2.209,0.022090000000000002
2018-10-08,2.209,0.022090000000000002
2018-10-09,2.2345,0.022345
2018-10-10,2.2584,0.022584
2018-10-11,2.2583,0.022583000000000002
2018-10-12,2.263,0.022629999999999997
2018-10-15,2.2731,0.022730999999999998
2018-10-16,2.297,0.02297
2018-10-17,2.3046,0.023046
2018-10-18,2.3044,0.023044
2018-10-19,2.304,0.023039999999999998
2018-10-22,2.3013,0.023013
2018-10-23,2.3227,0.023227
2018-10-24,2.3276,0.023275999999999998
2018-10-25,2.3249,0.023249
2018-10-26,2.3193,0.023193000000000002
2018-10-29,2.3038,0.023038
2018-10-30,2.3227,0.023227
2018-10-31,2.3251,0.023251
2018-11-01,2.3147,0.023147
2018-11-02,2.3142,0.023142
2018-11-05,2.3115,0.023115
2018-11-06,2.338,0.02338
2018-11-07,2.3533,0.023533
2018-11-08,2.348,0.023479999999999997
2018-11-09,2.3448,0.023448000000000004
2018-11-12,2.3448,0.023448000000000004
2018-11-13,2.337,0.023370000000000002
2018-11-14,2.3712,0.023712
2018-11-15,2.3557,0.023557
2018-11-16,2.3424,0.023424
2018-11-19,2.3474,0.023474
2018-11-20,2.3791,0.023791000000000003
2018-11-21,2.3967,0.023967000000000002
2018-11-22,2.3967,0.023967000000000002
2018-11-23,2.3962,0.023961999999999997
2018-11-26,2.3935,0.023934999999999998
2018-11-27,2.3893,0.023893
2018-11-28,2.3789,0.023788999999999998
2018-11-29,2.3531,0.023531
2018-11-30,2.3424,0.023424
2018-12-03,2.332,0.023319999999999997
2018-12-04,2.4071,0.024071
2018-12-05,2.4071,0.024071
2018-12-06,2.4018,0.024018
2018-12-07,2.386,0.023860000000000003
2018-12-10,2.373,0.02373
2018-12-11,2.3868,0.023868
2018-12-12,2.4174,0.024174
2018-12-13,2.407,0.02407
2018-12-14,2.4091,0.024091
2018-12-17,2.3807,0.023807000000000002
2018-12-18,2.3842,0.023842
2018-12-19,2.3943,0.023943
2018-12-20,2.3788,0.023788
2018-12-21,2.3757,0.023757
2018-12-24,2.3729,0.023729
2018-12-25,2.3729,0.023729
2018-12-26,2.4251,0.024251
2018-12-27,2.3993,0.023993
2018-12-28,2.3706,0.023706
2018-12-31,2.3549,0.023549
2019-01-01,2.3549,0.023549
2019-01-02,2.4097,0.024097
2019-01-03,2.3993,0.023993
2019-01-04,2.4065,0.024065
2019-01-07,2.4038,0.024038
2019-01-08,2.4381,0.024381
2019-01-09,2.4354,0.024354
2019-01-10,2.4224,0.024224000000000002
2019-01-11,2.4142,0.024142
2019-01-14,2.4115,0.024115
2019-01-15,2.4227,0.024227
2019-01-16,2.4071,0.024071
2019-01-17,2.3967,0.023967000000000002
2019-01-18,2.3935,0.023934999999999998
2019-01-21,2.3935,0.023934999999999998
2019-01-22,2.3934,0.023934
2019-01-23,2.3969,0.023969
2019-01-24,2.3531,0.023531
2019-01-25,2.3732,0.023732000000000003
2019-01-28,2.3807,0.023807000000000002
2019-01-29,2.4073,0.024073
2019-01-30,2.4123,0.024123000000000002
2019-01-31,2.3839,0.023839000000000003
2019-02-01,2.386,0.023860000000000003
2019-02-04,2.3781,0.023781
2019-02-05,2.4047,0.024047
2019-02-06,2.4123,0.024123000000000002
2019-02-07,2.3967,0.023967000000000002
2019-02-08,2.4116,0.024116
2019-02-11,2.4243,0.024243
2019-02-12,2.4253,0.024253
2019-02-13,2.4277,0.024277000000000003
2019-02-14,2.4198,0.024198
2019-02-15,2.4192,0.024192
2019-02-18,2.4192,0.024192
2019-02-19,2.419,0.02419
2019-02-20,2.4354,0.024354
2019-02-21,2.4429,0.024429
2019-02-22,2.4424,0.024424
2019-02-25,2.4397,0.024397000000000002
2019-02-26,2.4381,0.024381
2019-02-27,2.4354,0.024354
2019-02-28,2.4326,0.024326
2019-03-01,2.4296,0.024296
2019-03-04,2.4243,0.024243
2019-03-05,2.433,0.024329999999999997
2019-03-06,2.4508,0.024508000000000002
2019-03-07,2.4455,0.024455
2019-03-08,2.4398,0.024398
2019-03-11,2.4269,0.024269
2019-03-12,2.4407,0.024407
2019-03-13,2.4379,0.024378999999999998
2019-03-14,2.4352,0.024352
2019-03-15,2.4347,0.024346999999999997
2019-03-18,2.432,0.024319999999999998
2019-03-19,2.4432,0.024432
2019-03-20,2.4533,0.024533
2019-03-21,2.4583,0.024583
2019-03-22,2.4424,0.024424
2019-03-25,2.4422,0.024422000000000003
2019-03-26,2.4484,0.024484
2019-03-27,2.42,0.0242
2019-03-28,2.4147,0.024147
2019-03-29,2.3809,0.023809
2019-04-01,2.3781,0.023781
2019-04-02,2.41,0.0241
2019-04-03,2.4201,0.024201
2019-04-04,2.4225,0.024225
2019-04-05,2.422,0.024220000000000002
2019-04-08,2.4116,0.024116
2019-04-09,2.4047,0.024047
2019-04-10,2.4097,0.024097
2019-04-11,2.4172,0.024172
2019-04-12,2.4219,0.024219
2019-04-15,2.4012,0.024012
2019-04-16,2.4201,0.024201
2019-04-17,2.4277,0.024277000000000003
2019-04-18,2.4116,0.024116
2019-04-19,2.4116,0.024116
2019-04-22,2.4217,0.024217
2019-04-23,2.4227,0.024227
2019-04-24,2.4174,0.024174
2019-04-25,2.4121,0.024121
2019-04-26,2.4091,0.024091
2019-04-29,2.4063,0.024062999999999998
2019-04-30,2.4099,0.024099
2019-05-01,2.4071,0.024071
2019-05-02,2.4172,0.024172
2019-05-03,2.4168,0.024168
2019-05-06,2.4115,0.024115
2019-05-07,2.4124,0.024124
2019-05-08,2.4225,0.024225
2019-05-09,2.4172,0.024172
2019-05-10,2.4168,0.024168
2019-05-13,2.3961,0.023961
2019-05-14,2.3919,0.023919000000000003
2019-05-15,2.3917,0.023917
2019-05-16,2.3865,0.023864999999999997
2019-05-17,2.3732,0.023732000000000003
2019-05-20,2.3653,0.023653
2019-05-21,2.3663,0.023663
2019-05-22,2.3661,0.023660999999999998
2019-05-23,2.3506,0.023506
2019-05-24,2.3371,0.023371
2019-05-27,2.3371,0.023371
2019-05-28,2.3396,0.023396
2019-05-29,2.3481,0.023481000000000002
2019-05-30,2.3634,0.023634
2019-05-31,2.3399,0.023399
2019-06-03,2.3243,0.023243
2019-06-04,2.3342,0.023342
2019-06-05,2.3366,0.023365999999999998
2019-06-06,2.3056,0.023056
2019-06-07,2.2666,0.022666
2019-06-10,2.2716,0.022716
2019-06-11,2.2457,0.022456999999999998
2019-06-12,2.2148,0.022147999999999998
2019-06-13,2.1686,0.021686
2019-06-14,2.1682,0.021682
2019-06-17,2.1783,0.021783
2019-06-18,2.2108,0.022108
2019-06-19,2.1592,0.021591999999999997
2019-06-20,2.1283,0.021283
2019-06-21,2.0997,0.020997
2019-06-24,2.1047,0.021046999999999996
2019-06-25,2.1208,0.021208
2019-06-26,2.1387,0.021387
2019-06-27,2.1334,0.021334
2019-06-28,2.0868,0.020868
2019-07-01,2.1073,0.021072999999999998
2019-07-02,2.1722,0.021722
2019-07-03,2.2028,0.022028
2019-07-04,2.2028,0.022028
2019-07-05,2.2152,0.022151999999999998
2019-07-08,2.2305,0.022305000000000002
2019-07-09,2.2355,0.022355
2019-07-10,2.1687,0.021686999999999998
2019-07-11,2.1404,0.021404
2019-07-12,2.1298,0.021297999999999997
2019-07-15,2.1271,0.021270999999999998
2019-07-16,2.144,0.02144
2019-07-17,2.113,0.02113
2019-07-18,2.0204,0.020204
2019-07-19,2.0637,0.020637
2019-07-22,2.0662,0.020662
2019-07-23,2.0412,0.020412
2019-07-24,2.0925,0.020925
2019-07-25,2.1,0.021
2019-07-26,2.1125,0.021124999999999998
2019-07-29,2.0996,0.020996
2019-07-30,2.0592,0.020592000000000003
2019-07-31,2.0616,0.020616
2019-08-01,2.0744,0.020744
2019-08-02,2.0483,0.020482999999999998
2019-08-05,1.9969,0.019969
2019-08-06,2.028,0.02028
2019-08-07,2.0125,0.020125
2019-08-08,2.0072,0.020072
2019-08-09,1.9864,0.019864
2019-08-12,1.9684,0.019684
2019-08-13,1.9873,0.019873000000000002
2019-08-14,1.9384,0.019384
2019-08-15,1.8793,0.018793
2019-08-16,1.8585,0.018585
2019-08-19,1.8943,0.018943
2019-08-20,1.9,0.019
2019-08-21,1.9718,0.019718
2019-08-22,1.9819,0.019819
2019-08-23,1.9534,0.019534
2019-08-26,1.9764,0.019764
2019-08-27,1.9694,0.019694
2019-08-28,1.9796,0.019796
2019-08-29,1.9795,0.019795
2019-08-30,1.9765,0.019764999999999998
2019-09-02,1.9765,0.019764999999999998
2019-09-03,1.9507,0.019507
2019-09-04,1.9434,0.019434
2019-09-05,1.9509,0.019509000000000002
2019-09-06,1.9481,0.019481
2019-09-09,1.948,0.01948
2019-09-10,1.9334,0.019334
2019-09-11,1.9436,0.019436
2019-09-12,1.9511,0.019511
2019-09-13,1.956,0.01956
2019-09-16,1.9764,0.019764
2019-09-17,1.9719,0.019719
2019-09-18,1.9307,0.019307
2019-09-19,1.9178,0.019178
2019-09-20,1.897,0.01897
2019-09-23,1.8892,0.018892
2019-09-24,1.9026,0.019026
2019-09-25,1.882,0.01882
2019-09-26,1.8024,0.018024
2019-09-27,1.779,0.01779
2019-09-30,1.8071,0.018071
2019-10-01,1.7618,0.017618
2019-10-02,1.7387,0.017387
2019-10-03,1.6901,0.016901
2019-10-04,1.6873,0.016873
2019-10-07,1.7025,0.017025
2019-10-08,1.6667,0.016667
2019-10-09,1.6743,0.016742999999999997
2019-10-10,1.6639,0.016639
2019-10-11,1.6611,0.016611
2019-10-14,1.6611,0.016611
2019-10-15,1.6482,0.016482
2019-10-16,1.6512,0.016512
2019-10-17,1.6639,0.016639
2019-10-18,1.656,0.01656
2019-10-21,1.6508,0.016508000000000002
2019-10-22,1.6385,0.016385
2019-10-23,1.6512,0.016512
2019-10-24,1.6614,0.016614
2019-10-25,1.6612,0.016612000000000002
2019-10-28,1.6278,0.016278
2019-10-29,1.6008,0.016008
2019-10-30,1.5726,0.015726
2019-10-31,1.524,0.01524
2019-11-01,1.5136,0.015136
2019-11-04,1.5289,0.015288999999999999
2019-11-05,1.536,0.01536
2019-11-06,1.541,0.01541
2019-11-07,1.5538,0.015538000000000001
2019-11-08,1.5433,0.015432999999999999
2019-11-11,1.5433,0.015432999999999999
2019-11-12,1.5637,0.015637
2019-11-13,1.5641,0.015641000000000002
2019-11-14,1.5615,0.015615
2019-11-15,1.5613,0.015612999999999998
2019-11-18,1.5535,0.015535
2019-11-19,1.5539,0.015539
2019-11-20,1.5564,0.015564
2019-11-21,1.564,0.01564
2019-11-22,1.5766,0.015766
2019-11-25,1.5817,0.015817
2019-11-26,1.5778,0.015778
2019-11-27,1.5853,0.015853
2019-11-28,1.5853,0.015853
2019-11-29,1.5672,0.015672
2019-12-02,1.5493,0.015493
2019-12-03,1.559,0.01559
2019-12-04,1.5359,0.015359000000000001
2019-12-05,1.5256,0.015256
2019-12-06,1.5049,0.015049
2019-12-09,1.533,0.01533
2019-12-10,1.5411,0.015411
2019-12-11,1.5615,0.015615
2019-12-12,1.5461,0.015461
2019-12-13,1.5562,0.015562
2019-12-16,1.5484,0.015484
2019-12-17,1.5386,0.015386
2019-12-18,1.5513,0.015512999999999999
2019-12-19,1.5615,0.015615
2019-12-20,1.5613,0.015612999999999998
2019-12-23,1.5561,0.015561
2019-12-24,1.5667,0.015667
2019-12-25,1.5667,0.015667
2019-12-26,1.564,0.01564
2019-12-27,1.551,0.01551
2019-12-30,1.5202,0.015202
2019-12-31,1.5436,0.015436
2020-01-01,1.5436,0.015436
2020-01-02,1.5256,0.015256
2020-01-03,1.5075,0.015075
2020-01-06,1.5177,0.015177000000000001
2020-01-07,1.5104,0.015104
2020-01-08,1.5257,0.015257
2020-01-09,1.5231,0.015231
2020-01-10,1.5305,0.015305
2020-01-13,1.5356,0.015356000000000002
2020-01-14,1.5514,0.015513999999999998
2020-01-15,1.5564,0.015564
2020-01-16,1.5461,0.015461
2020-01-17,1.5535,0.015535
2020-01-20,1.5535,0.015535
2020-01-21,1.533,0.01533
2020-01-22,1.5436,0.015436
2020-01-23,1.5487,0.015486999999999999
2020-01-24,1.5254,0.015254
2020-01-27,1.533,0.01533
2020-01-28,1.5462,0.015462
2020-01-29,1.541,0.01541
2020-01-30,1.5512,0.015512
2020-01-31,1.5382,0.015382
2020-02-03,1.5535,0.015535
2020-02-04,1.5462,0.015462
2020-02-05,1.5487,0.015486999999999999
2020-02-06,1.5589,0.015588999999999999
2020-02-07,1.5357,0.015357
2020-02-10,1.5433,0.015432999999999999
2020-02-11,1.559,0.01559
2020-02-12,1.5692,0.015691999999999998
2020-02-13,1.5717,0.015717000000000002
2020-02-14,1.5689,0.015688999999999998
2020-02-17,1.5689,0.015688999999999998
2020-02-18,1.5688,0.015688
2020-02-19,1.5692,0.015691999999999998
2020-02-20,1.5717,0.015717000000000002
2020-02-21,1.5459,0.015459
2020-02-24,1.5254,0.015254
2020-02-25,1.5104,0.015104
2020-02-26,1.5078,0.015078000000000001
2020-02-27,1.4207,0.014207000000000001
2020-02-28,1.267,0.012669999999999999
2020-03-02,1.1877,0.011877
2020-03-03,0.9197,0.009197
2020-03-04,0.7104,0.007104
2020-03-05,0.6109,0.006109
2020-03-06,0.4504,0.004504
2020-03-09,0.3409,0.0034089999999999997
2020-03-10,0.4326,0.004326
2020-03-11,0.3943,0.0039429999999999995
2020-03-12,0.3027,0.003027
2020-03-13,0.2441,0.002441
2020-03-16,0.1933,0.001933
2020-03-17,0.1373,0.001373
2020-03-18,-0.0127,-0.000127
2020-03-19,-0.0254,-0.000254
2020-03-20,-0.033,-0.00033
2020-03-23,-0.0356,-0.000356
2020-03-24,-0.0381,-0.00038100000000000005
2020-03-25,-0.0813,-0.0008129999999999999
2020-03-26,-0.1372,-0.001372
2020-03-27,-0.0381,-0.00038100000000000005
2020-03-30,0.0102,0.00010200000000000001
2020-03-31,0.061,0.00061
2020-04-01,0.0381,0.00038100000000000005
2020-04-02,0.0458,0.000458
2020-04-03,0.0585,0.000585
2020-04-06,0.0534,0.0005340000000000001
2020-04-07,0.1144,0.001144
2020-04-08,0.1627,0.0016270000000000002
2020-04-09,0.1933,0.001933
2020-04-10,0.1933,0.001933
2020-04-13,0.1933,0.001933
2020-04-14,0.1373,0.001373
2020-04-15,0.117,0.00117
2020-04-16,0.1119,0.001119
2020-04-17,0.0864,0.0008640000000000001
2020-04-20,0.0712,0.000712
2020-04-21,0.0864,0.0008640000000000001
2020-04-22,0.0915,0.000915
2020-04-23,0.0966,0.0009660000000000001
2020-04-24,0.0991,0.000991
2020-04-27,0.0915,0.000915
2020-04-28,0.0864,0.0008640000000000001
2020-04-29,0.0788,0.000788
2020-04-30,0.0788,0.000788
2020-05-01,0.0991,0.000991
2020-05-04,0.0991,0.000991
2020-05-05,0.0966,0.0009660000000000001
2020-05-06,0.1068,0.0010680000000000002
2020-05-07,0.0839,0.000839
2020-05-08,0.0941,0.000941
2020-05-11,0.1042,0.001042
2020-05-12,0.1195,0.0011949999999999999
2020-05-13,0.1093,0.001093
2020-05-14,0.1093,0.001093
2020-05-15,0.0991,0.000991
2020-05-18,0.1042,0.001042
2020-05-19,0.1144,0.001144
2020-05-20,0.1144,0.001144
2020-05-21,0.1068,0.0010680000000000002
2020-05-22,0.1144,0.001144
2020-05-25,0.1144,0.001144
2020-05-26,0.1169,0.0011690000000000001
2020-05-27,0.1398,0.0013980000000000002
2020-05-28,0.1424,0.001424
2020-05-29,0.1246,0.001246
2020-06-01,0.1246,0.001246
2020-06-02,0.1395,0.0013950000000000002
2020-06-03,0.1471,0.001471
2020-06-04,0.142,0.0014199999999999998
2020-06-05,0.1471,0.001471
2020-06-08,0.1572,0.001572
2020-06-09,0.1576,0.001576
2020-06-10,0.1653,0.001653
2020-06-11,0.1602,0.0016020000000000001
2020-06-12,0.15,0.0015
2020-06-15,0.1526,0.0015260000000000002
2020-06-16,0.1521,0.0015210000000000002
2020-06-17,0.1471,0.001471
2020-06-18,0.1445,0.0014449999999999999
2020-06-19,0.1471,0.001471
2020-06-22,0.1395,0.0013950000000000002
2020-06-23,0.1344,0.001344
2020-06-24,0.1369,0.001369
2020-06-25,0.1369,0.001369
2020-06-26,0.1369,0.001369
2020-06-29,0.1217,0.001217
2020-06-30,0.1293,0.0012929999999999999
2020-07-01,0.1293,0.0012929999999999999
2020-07-02,0.1369,0.001369
2020-07-03,0.1369,0.001369
2020-07-06,0.1369,0.001369
2020-07-07,0.1398,0.0013980000000000002
2020-07-08,0.1348,0.001348
2020-07-09,0.1246,0.001246
2020-07-10,0.1246,0.001246
2020-07-13,0.1271,0.001271
2020-07-14,0.1318,0.001318
2020-07-15,0.1268,0.001268
2020-07-16,0.104,0.00104
2020-07-17,0.1039,0.001039
2020-07-20,0.109,0.00109
2020-07-21,0.109,0.00109
2020-07-22,0.1116,0.001116
2020-07-23,0.1014,0.0010140000000000001
2020-07-24,0.1039,0.001039
2020-07-27,0.0963,0.000963
2020-07-28,0.0989,0.000989
2020-07-29,0.0963,0.000963
2020-07-30,0.0862,0.000862
2020-07-31,0.0837,0.000837
2020-08-03,0.0837,0.000837
2020-08-04,0.0864,0.0008640000000000001
2020-08-05,0.0941,0.000941
2020-08-06,0.0864,0.0008640000000000001
2020-08-07,0.089,0.00089
2020-08-10,0.0915,0.000915
2020-08-11,0.0989,0.000989
2020-08-12,0.0938,0.0009379999999999999
2020-08-13,0.0938,0.0009379999999999999
2020-08-14,0.0887,0.000887
2020-08-17,0.0862,0.000862
2020-08-18,0.0913,0.0009130000000000001
2020-08-19,0.0938,0.0009379999999999999
2020-08-20,0.0887,0.000887
2020-08-21,0.0887,0.000887
2020-08-24,0.0862,0.000862
2020-08-25,0.0887,0.000887
2020-08-26,0.0913,0.0009130000000000001
2020-08-27,0.0938,0.0009379999999999999
2020-08-28,0.0963,0.000963
2020-08-31,0.0938,0.0009379999999999999
2020-09-01,0.0991,0.000991
2020-09-02,0.0991,0.000991
2020-09-03,0.0991,0.000991
2020-09-04,0.0991,0.000991
2020-09-07,0.0991,0.000991
2020-09-08,0.1093,0.001093
2020-09-09,0.1014,0.0010140000000000001
2020-09-10,0.104,0.00104
2020-09-11,0.109,0.00109
2020-09-14,0.1039,0.001039
2020-09-15,0.0989,0.000989
2020-09-16,0.0938,0.0009379999999999999
2020-09-17,0.0837,0.000837
2020-09-18,0.0811,0.0008110000000000001
2020-09-21,0.0786,0.000786
2020-09-22,0.0862,0.000862
2020-09-23,0.0887,0.000887
2020-09-24,0.0913,0.0009130000000000001
2020-09-25,0.0913,0.0009130000000000001
2020-09-28,0.0887,0.000887
2020-09-29,0.0864,0.0008640000000000001
2020-09-30,0.0915,0.000915
2020-10-01,0.0864,0.0008640000000000001
2020-10-02,0.0864,0.0008640000000000001
2020-10-05,0.0864,0.0008640000000000001
2020-10-06,0.0837,0.000837
2020-10-07,0.0913,0.0009130000000000001
2020-10-08,0.0887,0.000887
2020-10-09,0.0938,0.0009379999999999999
2020-10-12,0.0938,0.0009379999999999999
2020-10-13,0.0887,0.000887
2020-10-14,0.0989,0.000989
2020-10-15,0.0938,0.0009379999999999999
2020-10-16,0.0913,0.0009130000000000001
2020-10-19,0.0887,0.000887
2020-10-20,0.0862,0.000862
2020-10-21,0.0887,0.000887
2020-10-22,0.0887,0.000887
2020-10-23,0.0862,0.000862
2020-10-26,0.0761,0.000761
2020-10-27,0.089,0.00089
2020-10-28,0.0864,0.0008640000000000001
2020-10-29,0.0864,0.0008640000000000001
2020-10-30,0.0864,0.0008640000000000001
2020-11-02,0.0864,0.0008640000000000001
2020-11-03,0.0887,0.000887
2020-11-04,0.0862,0.000862
2020-11-05,0.0862,0.000862
2020-11-06,0.0862,0.000862
2020-11-09,0.0887,0.000887
2020-11-10,0.0887,0.000887
2020-11-11,0.0887,0.000887
2020-11-12,0.0862,0.000862
2020-11-13,0.0837,0.000837
2020-11-16,0.0761,0.000761
2020-11-17,0.0786,0.000786
2020-11-18,0.071,0.0007099999999999999
2020-11-19,0.0583,0.000583
2020-11-20,0.0634,0.000634
2020-11-23,0.0659,0.000659
2020-11-24,0.0737,0.000737
2020-11-25,0.0788,0.000788
2020-11-26,0.0788,0.000788
2020-11-27,0.0737,0.000737
2020-11-30,0.0712,0.000712
2020-12-01,0.0761,0.000761
2020-12-02,0.0761,0.000761
2020-12-03,0.0761,0.000761
2020-12-04,0.0735,0.000735
2020-12-07,0.0684,0.000684
2020-12-08,0.0684,0.000684
2020-12-09,0.071,0.0007099999999999999
2020-12-10,0.071,0.0007099999999999999
2020-12-11,0.0634,0.000634
2020-12-14,0.0634,0.000634
2020-12-15,0.0659,0.000659
2020-12-16,0.0761,0.000761
2020-12-17,0.0811,0.0008110000000000001
2020-12-18,0.0811,0.0008110000000000001
2020-12-21,0.0811,0.0008110000000000001
2020-12-22,0.0761,0.000761
2020-12-23,0.0786,0.000786
2020-12-24,0.0811,0.0008110000000000001
2020-12-25,0.0811,0.0008110000000000001
2020-12-28,0.0837,0.000837
2020-12-29,0.0862,0.000862
2020-12-30,0.071,0.0007099999999999999
2020-12-31,0.0583,0.000583
2021-01-01,0.0583,0.000583
2021-01-04,0.0634,0.000634
2021-01-05,0.0761,0.000761
2021-01-06,0.0811,0.0008110000000000001
2021-01-07,0.0786,0.000786
2021-01-08,0.071,0.0007099999999999999
2021-01-11,0.0811,0.0008110000000000001
2021-01-12,0.0761,0.000761
2021-01-13,0.0811,0.0008110000000000001
2021-01-14,0.0735,0.000735
2021-01-15,0.0761,0.000761
2021-01-18,0.0761,0.000761
2021-01-19,0.071,0.0007099999999999999
2021-01-20,0.0735,0.000735
2021-01-21,0.071,0.0007099999999999999
2021-01-22,0.071,0.0007099999999999999
2021-01-25,0.0684,0.000684
2021-01-26,0.0634,0.000634
2021-01-27,0.0608,0.000608
2021-01-28,0.0532,0.0005319999999999999
2021-01-29,0.0482,0.000482
2021-02-01,0.0482,0.000482
2021-02-02,0.0456,0.000456
2021-02-03,0.0406,0.00040599999999999995
2021-02-04,0.0228,0.000228
2021-02-05,0.0203,0.00020299999999999997
2021-02-08,0.0253,0.00025299999999999997
2021-02-09,0.0253,0.00025299999999999997
2021-02-10,0.038,0.00037999999999999997
2021-02-11,0.0355,0.00035499999999999996
2021-02-12,0.0355,0.00035499999999999996
2021-02-15,0.0355,0.00035499999999999996
2021-02-16,0.033,0.00033
2021-02-17,0.033,0.00033
2021-02-18,0.0279,0.000279
2021-02-19,0.0279,0.000279
2021-02-22,0.0279,0.000279
2021-02-23,0.0228,0.000228
2021-02-24,0.0304,0.000304
2021-02-25,0.033,0.00033
2021-02-26,0.033,0.00033
2021-03-01,0.033,0.00033
2021-03-02,0.0304,0.000304
2021-03-03,0.0355,0.00035499999999999996
2021-03-04,0.0304,0.000304
2021-03-05,0.0253,0.00025299999999999997
2021-03-08,0.033,0.00033
2021-03-09,0.0279,0.000279
2021-03-10,0.0304,0.000304
2021-03-11,0.0279,0.000279
2021-03-12,0.0203,0.00020299999999999997
2021-03-15,0.0127,0.000127
2021-03-16,0.0127,0.000127
2021-03-17,0.0025,2.5e-05
2021-03-18,-0.0025,-2.5e-05
2021-03-19,-0.0025,-2.5e-05
2021-03-22,0.0025,2.5e-05
2021-03-23,0.0025,2.5e-05
2021-03-24,0.0152,0.000152
2021-03-25,0.0152,0.000152
2021-03-26,0.0152,0.000152
2021-03-29,0.0101,0.000101
2021-03-30,0.0101,0.000101
2021-03-31,0.0152,0.000152
2021-04-01,0.0127,0.000127
2021-04-02,0.0127,0.000127
2021-04-05,0.0152,0.000152
2021-04-06,0.0152,0.000152
2021-04-07,0.0101,0.000101
2021-04-08,0.0101,0.000101
2021-04-09,0.0076,7.6e-05
2021-04-12,0.0076,7.6e-05
2021-04-13,0.0101,0.000101
2021-04-14,0.0152,0.000152
2021-04-15,0.0051,5.1000000000000006e-05
2021-04-16,0.0101,0.000101
2021-04-19,0.0152,0.000152
2021-04-20,0.0127,0.000127
2021-04-21,0.0127,0.000127
2021-04-22,0.0152,0.000152
2021-04-23,0.0152,0.000152
2021-04-26,0.0076,7.6e-05
2021-04-27,0.0025,2.5e-05
2021-04-28,0.0025,2.5e-05
2021-04-29,0.0025,2.5e-05
2021-04-30,0.0025,2.5e-05
2021-05-03,0.0051,5.1000000000000006e-05
2021-05-04,0.0076,7.6e-05
2021-05-05,0.0101,0.000101
2021-05-06,0.0101,0.000101
2021-05-07,0.0051,5.1000000000000006e-05
2021-05-10,-0.0025,-2.5e-05
2021-05-11,0.0051,5.1000000000000006e-05
2021-05-12,0.0051,5.1000000000000006e-05
2021-05-13,0.0076,7.6e-05
2021-05-14,-0.0025,-2.5e-05
2021-05-17,0.0051,5.1000000000000006e-05
2021-05-18,0.0025,2.5e-05
2021-05-19,0.0025,2.5e-05
2021-05-20,0.0025,2.5e-05
2021-05-21,-0.0025,-2.5e-05
2021-05-24,0.0025,2.5e-05
2021-05-25,0.0076,7.6e-05
2021-05-26,0.0051,5.1000000000000006e-05
2021-05-27,0.0025,2.5e-05
2021-05-28,0.0025,2.5e-05
2021-05-31,0.0025,2.5e-05
2021-06-01,0.0076,7.6e-05
2021-06-02,0.0127,0.000127
2021-06-03,0.0127,0.000127
2021-06-04,0.0127,0.000127
2021-06-07,0.0177,0.000177
2021-06-08,0.0228,0.000228
2021-06-09,0.0177,0.000177
2021-06-10,0.0203,0.00020299999999999997
2021-06-11,0.0203,0.00020299999999999997
2021-06-14,0.0127,0.000127
2021-06-15,0.0127,0.000127
2021-06-16,0.0228,0.000228
2021-06-17,0.0253,0.00025299999999999997
2021-06-18,0.0279,0.000279
2021-06-21,0.0304,0.000304
2021-06-22,0.0304,0.000304
2021-06-23,0.0355,0.00035499999999999996
2021-06-24,0.0431,0.000431
2021-06-25,0.0431,0.000431
2021-06-28,0.0406,0.00040599999999999995
2021-06-29,0.0406,0.00040599999999999995
2021-06-30,0.0406,0.00040599999999999995
2021-07-01,0.0406,0.00040599999999999995
2021-07-02,0.038,0.00037999999999999997
2021-07-05,0.038,0.00037999999999999997
2021-07-06,0.0431,0.000431
2021-07-07,0.0456,0.000456
2021-07-08,0.0456,0.000456
2021-07-09,0.0431,0.000431
2021-07-12,0.0456,0.000456
2021-07-13,0.0406,0.00040599999999999995
2021-07-14,0.0431,0.000431
2021-07-15,0.038,0.00037999999999999997
2021-07-16,0.0431,0.000431
2021-07-19,0.0355,0.00035499999999999996
2021-07-20,0.0406,0.00040599999999999995
2021-07-21,0.0431,0.000431
2021-07-22,0.0406,0.00040599999999999995
2021-07-23,0.0431,0.000431
2021-07-26,0.0406,0.00040599999999999995
2021-07-27,0.0406,0.00040599999999999995
2021-07-28,0.0456,0.000456
2021-07-29,0.0431,0.000431
2021-07-30,0.0406,0.00040599999999999995
2021-08-02,0.0406,0.00040599999999999995
2021-08-03,0.0406,0.00040599999999999995
2021-08-04,0.0456,0.000456
2021-08-05,0.0456,0.000456
2021-08-06,0.0431,0.000431
2021-08-09,0.0456,0.000456
2021-08-10,0.0431,0.000431
2021-08-11,0.0507,0.0005070000000000001
2021-08-12,0.0431,0.000431
2021-08-13,0.0456,0.000456
2021-08-16,0.0608,0.000608
2021-08-17,0.0608,0.000608
2021-08-18,0.0532,0.0005319999999999999
2021-08-19,0.0456,0.000456
2021-08-20,0.0431,0.000431
2021-08-23,0.0406,0.00040599999999999995
2021-08-24,0.038,0.00037999999999999997
2021-08-25,0.0456,0.000456
2021-08-26,0.0431,0.000431
2021-08-27,0.0456,0.000456
2021-08-30,0.0406,0.00040599999999999995
2021-08-31,0.0355,0.00035499999999999996
2021-09-01,0.0355,0.00035499999999999996
2021-09-02,0.0406,0.00040599999999999995
2021-09-03,0.033,0.00033
2021-09-06,0.033,0.00033
2021-09-07,0.033,0.00033
2021-09-08,0.038,0.00037999999999999997
2021-09-09,0.0355,0.00035499999999999996
2021-09-10,0.038,0.00037999999999999997
2021-09-13,0.033,0.00033
2021-09-14,0.0304,0.000304
2021-09-15,0.033,0.00033
2021-09-16,0.0279,0.000279
2021-09-17,0.0304,0.000304
2021-09-20,0.0203,0.00020299999999999997
2021-09-21,0.0203,0.00020299999999999997
2021-09-22,0.0253,0.00025299999999999997
2021-09-23,0.0228,0.000228
2021-09-24,0.0253,0.00025299999999999997
2021-09-27,0.0228,0.000228
2021-09-28,0.0253,0.00025299999999999997
2021-09-29,0.0304,0.000304
2021-09-30,0.033,0.00033
2021-10-01,0.0304,0.000304
2021-10-04,0.0253,0.00025299999999999997
2021-10-05,0.0355,0.00035499999999999996
2021-10-06,0.0406,0.00040599999999999995
2021-10-07,0.0431,0.000431
2021-10-08,0.0456,0.000456
2021-10-11,0.0456,0.000456
2021-10-12,0.0406,0.00040599999999999995
2021-10-13,0.0406,0.00040599999999999995
2021-10-14,0.0355,0.00035499999999999996
2021-10-15,0.0431,0.000431
2021-10-18,0.0406,0.00040599999999999995
2021-10-19,0.0406,0.00040599999999999995
2021-10-20,0.0431,0.000431
2021-10-21,0.0456,0.000456
2021-10-22,0.0507,0.0005070000000000001
2021-10-25,0.0482,0.000482
2021-10-26,0.0482,0.000482
2021-10-27,0.0482,0.000482
2021-10-28,0.0456,0.000456
2021-10-29,0.0482,0.000482
2021-11-01,0.0406,0.00040599999999999995
2021-11-02,0.0406,0.00040599999999999995
2021-11-03,0.0406,0.00040599999999999995
2021-11-04,0.033,0.00033
2021-11-05,0.038,0.00037999999999999997
2021-11-08,0.0355,0.00035499999999999996
2021-11-09,0.038,0.00037999999999999997
2021-11-10,0.0431,0.000431
2021-11-11,0.0431,0.000431
2021-11-12,0.0406,0.00040599999999999995
2021-11-15,0.0431,0.000431
2021-11-16,0.038,0.00037999999999999997
2021-11-17,0.0406,0.00040599999999999995
2021-11-18,0.0482,0.000482
2021-11-19,0.0406,0.00040599999999999995
2021-11-22,0.0406,0.00040599999999999995
2021-11-23,0.0406,0.00040599999999999995
2021-11-24,0.0532,0.0005319999999999999
2021-11-25,0.0532,0.0005319999999999999
2021-11-26,0.038,0.00037999999999999997
2021-11-29,0.038,0.00037999999999999997
2021-11-30,0.0456,0.000456
2021-12-01,0.0406,0.00040599999999999995
2021-12-02,0.0355,0.00035499999999999996
2021-12-03,0.0431,0.000431
2021-12-06,0.038,0.00037999999999999997
2021-12-07,0.0558,0.000558
2021-12-08,0.0583,0.000583
2021-12-09,0.0482,0.000482
2021-12-10,0.0482,0.000482
2021-12-13,0.0456,0.000456
2021-12-14,0.038,0.00037999999999999997
2021-12-15,0.038,0.00037999999999999997
2021-12-16,0.0304,0.000304
2021-12-17,0.0304,0.000304
2021-12-20,0.038,0.00037999999999999997
2021-12-21,0.0507,0.0005070000000000001
2021-12-22,0.0583,0.000583
2021-12-23,0.0558,0.000558
2021-12-24,0.0558,0.000558
2021-12-27,0.0406,0.00040599999999999995
2021-12-28,0.0431,0.000431
2021-12-29,0.038,0.00037999999999999997
2021-12-30,0.0304,0.000304
2021-12-31,0.0304,0.000304
2022-01-03,0.0532,0.0005319999999999999
2022-01-04,0.0735,0.000735
2022-01-05,0.0837,0.000837
2022-01-06,0.0913,0.0009130000000000001
2022-01-07,0.0913,0.0009130000000000001
2022-01-10,0.0862,0.000862
2022-01-11,0.109,0.00109
2022-01-12,0.1141,0.0011409999999999999
2022-01-13,0.1141,0.0011409999999999999
2022-01-14,0.1116,0.001116
2022-01-17,0.1116,0.001116
2022-01-18,0.1242,0.001242
2022-01-19,0.1648,0.001648
2022-01-20,0.1648,0.001648
2022-01-21,0.1597,0.0015970000000000001
2022-01-24,0.1547,0.001547
2022-01-25,0.1775,0.0017749999999999999
2022-01-26,0.1851,0.0018509999999999998
2022-01-27,0.1902,0.001902
2022-01-28,0.175,0.0017499999999999998
2022-01-31,0.18,0.0018
2022-02-01,0.1902,0.001902
2022-02-02,0.1851,0.0018509999999999998
2022-02-03,0.1902,0.001902
2022-02-04,0.2232,0.002232
2022-02-07,0.2105,0.002105
2022-02-08,0.2612,0.0026119999999999997
2022-02-09,0.2689,0.0026889999999999996
2022-02-10,0.3704,0.0037040000000000003
2022-02-11,0.3399,0.0033989999999999997
2022-02-14,0.3679,0.003679
2022-02-15,0.3806,0.003806
2022-02-16,0.3653,0.003653
2022-02-17,0.3374,0.003374
2022-02-18,0.3196,0.003196
2022-02-21,0.3196,0.003196
2022-02-22,0.3272,0.0032719999999999997
2022-02-23,0.345,0.00345
2022-02-24,0.3019,0.003019
2022-02-25,0.2917,0.0029170000000000003
2022-02-28,0.2917,0.0029170000000000003
2022-03-01,0.3019,0.003019
2022-03-02,0.3247,0.003247
2022-03-03,0.3247,0.003247
2022-03-04,0.3095,0.003095
2022-03-07,0.312,0.00312
2022-03-08,0.3399,0.0033989999999999997
2022-03-09,0.3577,0.0035770000000000003
2022-03-10,0.3577,0.0035770000000000003
2022-03-11,0.3552,0.003552
2022-03-14,0.3805,0.0038050000000000002
2022-03-15,0.4339,0.004339
2022-03-16,0.3831,0.0038309999999999998
2022-03-17,0.3755,0.003755
2022-03-18,0.3653,0.003653
2022-03-21,0.4263,0.004263
2022-03-22,0.4669,0.0046689999999999995
2022-03-23,0.4441,0.004441
2022-03-24,0.472,0.004719999999999999
2022-03-25,0.5203,0.005203
2022-03-28,0.5279,0.005279000000000001
2022-03-29,0.5178,0.005178
2022-03-30,0.5178,0.005178
2022-03-31,0.4822,0.004822
2022-04-01,0.5101,0.005101
2022-04-04,0.5431,0.005431
2022-04-05,0.6194,0.006194
2022-04-06,0.6601,0.006601
2022-04-07,0.6703,0.006703
2022-04-08,0.6804,0.006804
2022-04-11,0.6931,0.0069310000000000005
2022-04-12,0.7034,0.007034
2022-04-13,0.7364,0.007364000000000001
2022-04-14,0.7491,0.007491
2022-04-15,0.7491,0.007491
2022-04-18,0.7592,0.007592
2022-04-19,0.7899,0.007899
2022-04-20,0.8077,0.008076999999999999
2022-04-21,0.7873,0.007873
2022-04-22,0.7669,0.0076690000000000005
2022-04-25,0.7923,0.007923
2022-04-26,0.7797,0.007796999999999999
2022-04-27,0.8153,0.008153
2022-04-28,0.8026,0.008026
2022-04-29,0.8229,0.008229
2022-05-02,0.7694,0.0076939999999999995
2022-05-03,0.8942,0.008942
2022-05-04,0.8509,0.008509
2022-05-05,0.8102,0.008102
2022-05-06,0.8127,0.008127
2022-05-09,0.7999,0.007999000000000001
2022-05-10,0.8764,0.008764
2022-05-11,0.8866,0.008866
2022-05-12,0.9273,0.009273
2022-05-13,0.9425,0.009425
2022-05-16,0.9807,0.009807
2022-05-17,1.0394,0.010394
2022-05-18,0.9986,0.009986
2022-05-19,0.9833,0.009833
2022-05-20,1.0087,0.010086999999999999
2022-05-23,0.9858,0.009858
2022-05-24,1.0394,0.010394
2022-05-25,1.0394,0.010394
2022-05-26,1.0317,0.010317
2022-05-27,1.0316,0.010316
2022-05-30,1.0316,0.010316
2022-05-31,1.0392,0.010391999999999998
2022-06-01,1.1158,0.011158
2022-06-02,1.1158,0.011158
2022-06-03,1.131,0.01131
2022-06-06,1.1819,0.011819
2022-06-07,1.2459,0.012459
2022-06-08,1.2357,0.012357
2022-06-09,1.2535,0.012535000000000001
2022-06-10,1.3018,0.013018
2022-06-13,1.534,0.01534
2022-06-14,1.7337,0.017337
2022-06-15,1.5879,0.015879
2022-06-16,1.4908,0.014908
2022-06-17,1.5646,0.015646
2022-06-20,1.5646,0.015646
2022-06-21,1.5186,0.015186
2022-06-22,1.5266,0.015266
2022-06-23,1.57,0.015700000000000002
2022-06-24,1.6311,0.016311
2022-06-27,1.6412,0.016412
2022-06-28,1.703,0.01703
2022-06-29,1.6748,0.016748
2022-06-30,1.6262,0.016262000000000002
2022-07-01,1.6387,0.016387
2022-07-04,1.6387,0.016387
2022-07-05,1.6692,0.016692
2022-07-06,1.8359,0.018359
2022-07-07,1.8588,0.018588
2022-07-08,1.8841,0.018841
2022-07-11,1.9991,0.019991000000000002
2022-07-12,2.1483,0.021483
2022-07-13,2.3148,0.023148
2022-07-14,2.3249,0.023249
2022-07-15,2.2886,0.022886000000000004
2022-07-18,2.2936,0.022936
2022-07-19,2.4432,0.024432
2022-07-20,2.4405,0.024405
2022-07-21,2.4095,0.024095
2022-07-22,2.3783,0.023783
2022-07-25,2.4422,0.024422000000000003
2022-07-26,2.474,0.02474
2022-07-27,2.3687,0.023687
2022-07-28,2.3275,0.023275
2022-07-29,2.3168,0.023168
2022-08-01,2.309,0.023090000000000003
2022-08-02,2.4355,0.024355
2022-08-03,2.4328,0.024328
2022-08-04,2.3967,0.023967000000000002
2022-08-05,2.4706,0.024706000000000002
2022-08-08,2.4961,0.024961
2022-08-09,2.5613,0.025613
2022-08-10,2.5688,0.025688
2022-08-11,2.5147,0.025147
2022-08-12,2.5168,0.025168
2022-08-15,2.5371,0.025371
2022-08-16,2.587,0.02587
2022-08-17,2.6073,0.026073
2022-08-18,2.62,0.0262
2022-08-19,2.6451,0.026451
2022-08-22,2.6962,0.026962
2022-08-23,2.6694,0.026694
2022-08-24,2.736,0.027360000000000002
2022-08-25,2.7846,0.027846000000000003
2022-08-26,2.8173,0.028173
2022-08-29,2.8531,0.028531
2022-08-30,2.8568,0.028567999999999996
2022-08-31,2.9003,0.029003
2022-09-01,2.9077,0.029077000000000002
2022-09-02,2.8657,0.028657
2022-09-05,2.8657,0.028657
2022-09-06,2.9117,0.029117
2022-09-07,2.98,0.0298
2022-09-08,3.0029,0.030029
2022-09-09,3.0073,0.030073
2022-09-12,3.0585,0.030585
2022-09-13,3.1321,0.031321
2022-09-14,3.1653,0.031653
2022-09-15,3.1084,0.031084
2022-09-16,3.0922,0.030922
2022-09-19,3.1176,0.031176
2022-09-20,3.181,0.03181
2022-09-21,3.2271,0.032271
2022-09-22,3.1728,0.031728
2022-09-23,3.1822,0.031821999999999996
2022-09-26,3.2205,0.032205
2022-09-27,3.2377,0.032376999999999996
2022-09-28,3.2786,0.032786
2022-09-29,3.2809,0.032809
2022-09-30,3.2466,0.032466
2022-10-03,3.2128,0.032128000000000004
2022-10-04,3.3511,0.033511
2022-10-05,3.3508,0.033508
2022-10-06,3.3685,0.033685
2022-10-07,3.3312,0.033312
2022-10-10,3.3312,0.033312
2022-10-11,3.421,0.03421
2022-10-12,3.6009,0.036009
2022-10-13,3.6961,0.036961
2022-10-14,3.6975,0.036975
2022-10-17,3.7358,0.037357999999999995
2022-10-18,3.8725,0.038725
2022-10-19,3.9599,0.039599
2022-10-20,3.9621,0.039620999999999996
2022-10-21,3.9272,0.039272
2022-10-24,3.9965,0.039965
2022-10-25,3.9655,0.039655
2022-10-26,4.0013,0.04001299999999999
2022-10-27,4.0009,0.040008999999999996
2022-10-28,4.046,0.04046
2022-10-31,4.0559,0.040559000000000005
2022-11-01,4.0897,0.040896999999999996
2022-11-02,4.1229,0.041228999999999995
2022-11-03,4.1276,0.041276
2022-11-04,4.1003,0.041003
2022-11-07,4.074,0.04074
2022-11-08,4.1544,0.041544
2022-11-09,4.1875,0.041875
2022-11-10,4.1572,0.041572
2022-11-11,4.1572,0.041572
2022-11-14,4.1593,0.041593
2022-11-15,4.1207,0.041207
2022-11-16,4.2082,0.042081999999999994
2022-11-17,4.1974,0.041974
2022-11-18,4.2322,0.042322
2022-11-21,4.1774,0.041774
2022-11-22,4.1673,0.041673
2022-11-23,4.2207,0.042207
2022-11-24,4.2207,0.042207
2022-11-25,4.2606,0.042606000000000005
2022-11-28,4.2653,0.042652999999999996
2022-11-29,4.3019,0.043019
2022-11-30,4.3196,0.043196000000000005
2022-12-01,4.2673,0.042672999999999996
2022-12-02,4.2477,0.042477
2022-12-05,4.2575,0.042575
2022-12-06,4.2631,0.042630999999999995
2022-12-07,4.2626,0.042626
2022-12-08,4.2414,0.04241399999999999
2022-12-09,4.2632,0.042632
2022-12-12,4.2601,0.04260100000000001
2022-12-13,4.2994,0.042994000000000004
2022-12-14,4.3014,0.043014000000000004
2022-12-15,4.288,0.04288
2022-12-16,4.2503,0.042503
2022-12-19,4.2317,0.042317
2022-12-20,4.2527,0.042527
2022-12-21,4.273,0.04273
2022-12-22,4.3061,0.043060999999999995
2022-12-23,4.2834,0.042834000000000004
2022-12-26,4.2834,0.042834000000000004
2022-12-27,4.2467,0.042467
2022-12-28,4.4361,0.044361
2022-12-29,4.376,0.04376
2022-12-30,4.3429,0.043429
2023-01-02,4.3429,0.043429
2023-01-03,4.3553,0.043552999999999994
2023-01-04,4.4828,0.044828
2023-01-05,4.5937,0.045937
2023-01-06,4.579,0.04579
2023-01-09,4.5939,0.045938999999999994
2023-01-10,4.5845,0.045845000000000004
2023-01-11,4.6565,0.046565
2023-01-12,4.5755,0.045755
2023-01-13,4.5732,0.045732
2023-01-16,4.5732,0.045732
2023-01-17,4.5778,0.045778
2023-01-18,4.6383,0.046383
2023-01-19,4.6377,0.046376999999999995
2023-01-20,4.6282,0.046282
2023-01-23,4.6483,0.046483
2023-01-24,4.6545,0.046544999999999996
2023-01-25,4.6643,0.046643
2023-01-26,4.6637,0.046637000000000005
2023-01-27,4.6645,0.046645000000000006
2023-01-30,4.6535,0.046535
2023-01-31,4.6415,0.046415
2023-02-01,4.6383,0.046383
2023-02-02,4.6118,0.046118
2023-02-03,4.636,0.04636
2023-02-06,4.625,0.04625
2023-02-07,4.6441,0.046440999999999996
2023-02-08,4.6902,0.046902
2023-02-09,4.7259,0.047259
2023-02-10,4.7345,0.047345
2023-02-13,4.7468,0.047468
2023-02-14,4.7142,0.047141999999999996
2023-02-15,4.7499,0.047499
2023-02-16,4.783,0.047830000000000004
2023-02-17,4.7857,0.047857000000000004
2023-02-20,4.7857,0.047857000000000004
2023-02-21,4.7902,0.04790199999999999
2023-02-22,4.8174,0.048174
2023-02-23,4.8064,0.048064
2023-02-24,4.7811,0.047811000000000006
2023-02-27,4.7572,0.047572
2023-02-28,4.7687,0.047687
2023-03-01,4.8485,0.04848499999999999
2023-03-02,4.8427,0.048427
2023-03-03,4.8408,0.048408
2023-03-06,4.8375,0.048375
2023-03-07,4.9063,0.049062999999999996
2023-03-08,4.9758,0.049758
2023-03-09,4.9491,0.04949099999999999
2023-03-10,4.8693,0.048693
2023-03-13,4.765,0.04765
2023-03-14,4.7557,0.047557
2023-03-15,4.6098,0.046098
2023-03-16,4.5937,0.045937
2023-03-17,4.3356,0.043356000000000006
2023-03-20,4.5292,0.045292000000000006
2023-03-21,4.6156,0.046155999999999996
2023-03-22,4.6591,0.046590999999999994
2023-03-23,4.5963,0.045963000000000004
2023-03-24,4.6127,0.046127
2023-03-27,4.6509,0.046509
2023-03-28,4.6467,0.046467
2023-03-29,4.7239,0.047239
2023-03-30,4.7752,0.047751999999999996
2023-03-31,4.693,0.04693
2023-04-03,4.7183,0.047183
2023-04-04,4.7479,0.04747899999999999
2023-04-05,4.8174,0.048174
2023-04-06,4.7941,0.047941000000000004
2023-04-07,4.752,0.04752
2023-04-10,4.962,0.04962
2023-04-11,4.9141,0.049141000000000004
2023-04-12,4.9446,0.049446000000000004
2023-04-13,4.9569,0.049569
2023-04-14,4.9861,0.049861
2023-04-17,4.9906,0.049906
2023-04-18,5.0701,0.050701
2023-04-19,5.0901,0.050900999999999995
2023-04-20,5.0582,0.050582
2023-04-21,5.0172,0.050172
2023-04-24,4.9672,0.049672
2023-04-25,5.0233,0.050233
2023-04-26,5.1083,0.051082999999999996
2023-04-27,5.144,0.05144
2023-04-28,5.0302,0.050302
2023-05-01,5.0113,0.050113000000000005
2023-05-02,5.1065,0.051065
2023-05-03,5.1811,0.051810999999999996
2023-05-04,5.1986,0.051986
2023-05-05,5.2016,0.052016
2023-05-08,5.2008,0.052008
2023-05-09,5.1819,0.051819
2023-05-10,5.1967,0.051967
2023-05-11,5.1492,0.051492
2023-05-12,5.1522,0.051522
2023-05-15,5.1229,0.051229
2023-05-16,5.1403,0.051403
2023-05-17,5.2176,0.052176
2023-05-18,5.2246,0.052245999999999994
2023-05-19,5.2172,0.052172
2023-05-22,5.2242,0.052242
2023-05-23,5.2261,0.052260999999999995
2023-05-24,5.3268,0.053268
2023-05-25,5.2818,0.052818
2023-05-26,5.2294,0.052294
2023-05-29,5.2294,0.052294
2023-05-30,5.252,0.05252
2023-05-31,5.3884,0.053884
2023-06-01,5.3433,0.053433
2023-06-02,5.3513,0.053513000000000005
2023-06-05,5.2828,0.052828
2023-06-06,5.2339,0.052339000000000004
2023-06-07,5.2722,0.052722
2023-06-08,5.2272,0.052272
2023-06-09,5.2354,0.052354000000000005
2023-06-12,5.2164,0.052164
2023-06-13,5.1961,0.05196100000000001
2023-06-14,5.2162,0.052162
2023-06-15,5.1998,0.051997999999999996
2023-06-16,5.2151,0.052150999999999996
2023-06-19,5.2151,0.052150999999999996
2023-06-20,5.2143,0.052142999999999995
2023-06-21,5.2762,0.052762
2023-06-22,5.2885,0.052885
2023-06-23,5.2888,0.052888000000000004
2023-06-26,5.3063,0.053063
2023-06-27,5.277,0.052770000000000004
2023-06-28,5.3205,0.053205
2023-06-29,5.325,0.05325
2023-06-30,5.2836,0.052836
2023-07-03,5.2768,0.052767999999999995
2023-07-04,5.3198,0.053197999999999995
2023-07-05,5.3398,0.053398
2023-07-06,5.3521,0.053521
2023-07-07,5.3367,0.053367000000000005
2023-07-10,5.3385,0.053384999999999995
2023-07-11,5.3709,0.053709
2023-07-12,5.378,0.05378
2023-07-13,5.385,0.053849999999999995
2023-07-14,5.3539,0.053539
2023-07-17,5.3923,0.053923
2023-07-18,5.384,0.053840000000000006
2023-07-19,5.4015,0.05401500000000001
2023-07-20,5.4033,0.054033
2023-07-21,5.4009,0.054009
2023-07-24,5.4105,0.054105
2023-07-25,5.4049,0.05404899999999999
2023-07-26,5.3962,0.053962
2023-07-27,5.4163,0.054162999999999996
2023-07-28,5.4087,0.054086999999999996
2023-07-31,5.4001,0.054001
2023-08-01,5.3797,0.053797
2023-08-02,5.3763,0.053763
2023-08-03,5.3989,0.053989
2023-08-04,5.3965,0.053965
2023-08-07,5.4035,0.054035
2023-08-08,5.4336,0.054336
2023-08-09,5.4328,0.054328
2023-08-10,5.4268,0.054268000000000004
2023-08-11,5.4191,0.054191
2023-08-14,5.4157,0.054157000000000004
2023-08-15,5.4075,0.054075
2023-08-16,5.4432,0.054432
2023-08-17,5.4085,0.054085
2023-08-18,5.4296,0.054296
2023-08-21,5.434,0.05434
2023-08-22,5.4161,0.054161
2023-08-23,5.4362,0.054362
2023-08-24,5.4641,0.054641
2023-08-25,5.4565,0.054565
2023-08-28,5.4843,0.054843
2023-08-29,5.4344,0.054344
2023-08-30,5.4466,0.054466
2023-08-31,5.4354,0.05435399999999999
2023-09-01,5.4087,0.054086999999999996
2023-09-04,5.4087,0.054086999999999996
2023-09-05,5.4131,0.054131
2023-09-06,5.4537,0.054537
2023-09-07,5.4424,0.054424
2023-09-08,5.4426,0.054425999999999995
2023-09-11,5.447,0.05447
2023-09-12,5.4231,0.054231
2023-09-13,5.4484,0.054484000000000005
2023-09-14,5.4607,0.054607
2023-09-15,5.453,0.05453
2023-09-18,5.4548,0.054548
2023-09-19,5.4336,0.054336
2023-09-20,5.4589,0.054589
2023-09-21,5.4581,0.054581
2023-09-22,5.4661,0.054661
2023-09-25,5.4679,0.054679000000000005
2023-09-26,5.4422,0.054422
2023-09-27,5.47,0.0547
2023-09-28,5.4614,0.054614
2023-09-29,5.4459,0.054459
2023-10-02,5.4555,0.054555
2023-10-03,5.478,0.054779999999999995
2023-10-04,5.4955,0.054955
2023-10-05,5.492,0.05492
2023-10-06,5.507,0.055069999999999994
2023-10-09,5.507,0.055069999999999994
2023-10-10,5.4696,0.054695999999999995
2023-10-11,5.4928,0.054928
2023-10-12,5.4894,0.054894
2023-10-13,5.4843,0.054843
2023-10-16,5.4783,0.054783
2023-10-17,5.4858,0.054858000000000004
2023-10-18,5.4902,0.054902
2023-10-19,5.4659,0.054659000000000006
2023-10-20,5.4478,0.054478
2023-10-23,5.4522,0.054522
2023-10-24,5.424,0.054240000000000003
2023-10-25,5.4596,0.054596
2023-10-26,5.4484,0.054484000000000005
2023-10-27,5.4485,0.054485
2023-10-30,5.4529,0.054528999999999994
2023-10-31,5.4623,0.054623
2023-11-01,5.4511,0.054511000000000004
2023-11-02,5.4268,0.054268000000000004
2023-11-03,5.3931,0.05393099999999999
2023-11-06,5.4183,0.054183
2023-11-07,5.4153,0.054153
2023-11-08,5.4223,0.054223
2023-11-09,5.4241,0.054241000000000004
2023-11-10,5.4035,0.054035
2023-11-13,5.4157,0.054157000000000004
2023-11-14,5.3788,0.053788
2023-11-15,5.4067,0.054067
2023-11-16,5.3928,0.053928000000000004
2023-11-17,5.3852,0.053852000000000004
2023-11-20,5.3844,0.053844
2023-11-21,5.3849,0.053849
2023-11-22,5.4093,0.054093
2023-11-23,5.4093,0.054093
2023-11-24,5.3939,0.053939
2023-11-27,5.3879,0.053879
2023-11-28,5.4101,0.054100999999999996
2023-11-29,5.3962,0.053962
2023-11-30,5.3876,0.053876
2023-12-01,5.3513,0.053513000000000005
2023-12-04,5.3714,0.053714000000000005
2023-12-05,5.3553,0.053552999999999996
2023-12-06,5.3936,0.053936000000000005
2023-12-07,5.3876,0.053876
2023-12-08,5.3722,0.053722000000000006
2023-12-11,5.3818,0.053818000000000005
2023-12-12,5.3814,0.053814
2023-12-13,5.3649,0.053648999999999995
2023-12-14,5.3746,0.053746
2023-12-15,5.3774,0.053773999999999995
2023-12-18,5.3818,0.053818000000000005
2023-12-19,5.3631,0.053631000000000005
2023-12-20,5.3806,0.053806
2023-12-21,5.3667,0.053667
2023-12-22,5.3532,0.053532
2023-12-25,5.3532,0.053532
2023-12-26,5.3628,0.053628
2023-12-27,5.3884,0.053884
2023-12-28,5.372,0.05372
2023-12-29,5.3323,0.053323
2024-01-01,5.3323,0.053323
2024-01-02,5.3628,0.053628
2024-01-03,5.3884,0.053884
2024-01-04,5.3798,0.053798000000000006
2024-01-05,5.367,0.05367
2024-01-08,5.374,0.053739999999999996
2024-01-09,5.3605,0.053605
2024-01-10,5.3727,0.053727
2024-01-11,5.3693,0.053693
2024-01-12,5.3532,0.053532
2024-01-15,5.3532,0.053532
2024-01-16,5.355,0.05355000000000001
2024-01-17,5.3675,0.053675
2024-01-18,5.3537,0.053537
2024-01-19,5.3357,0.053357
2024-01-22,5.3506,0.053506
2024-01-23,5.3474,0.053474
2024-01-24,5.3623,0.053623000000000004
2024-01-25,5.3511,0.053510999999999996
2024-01-26,5.3513,0.053513000000000005
2024-01-29,5.3584,0.05358399999999999
2024-01-30,5.3526,0.053526
2024-01-31,5.3597,0.053597
2024-02-01,5.3615,0.053615
2024-02-02,5.3618,0.053618
2024-02-05,5.3584,0.05358399999999999
2024-02-06,5.3631,0.053631000000000005
2024-02-07,5.378,0.05378
2024-02-08,5.3824,0.053824
2024-02-09,5.3748,0.053748
2024-02-12,5.3844,0.053844
2024-02-13,5.3866,0.053866
2024-02-14,5.378,0.05378
2024-02-15,5.3667,0.053667
2024-02-16,5.3688,0.053688
2024-02-19,5.3688,0.053688
2024-02-20,5.3628,0.053628
2024-02-21,5.3884,0.053884
2024-02-22,5.398,0.05398
2024-02-23,5.3983,0.053982999999999996
2024-02-26,5.4053,0.054053000000000004
2024-02-27,5.3788,0.053788
2024-02-28,5.391,0.05391
2024-02-29,5.3798,0.053798000000000006
2024-03-01,5.3722,0.053722000000000006
2024-03-04,5.374,0.053739999999999996
2024-03-05,5.3579,0.053579
2024-03-06,5.3858,0.053857999999999996
2024-03-07,5.3798,0.053798000000000006
2024-03-08,5.38,0.0538
2024-03-11,5.3923,0.053923
2024-03-12,5.3788,0.053788
2024-03-13,5.3936,0.053936000000000005
2024-03-14,5.3902,0.053902
2024-03-15,5.3748,0.053748
2024-03-18,5.3897,0.053897
2024-03-19,5.3683,0.053682999999999995
2024-03-20,5.3806,0.053806
2024-03-21,5.3772,0.053772
2024-03-22,5.3618,0.053618
2024-03-25,5.3532,0.053532
2024-03-26,5.3553,0.053552999999999996
2024-03-27,5.3675,0.053675
2024-03-28,5.3618,0.053618
2024-03-29,5.3618,0.053618
2024-04-01,5.3662,0.053662
2024-04-02,5.356,0.053559999999999997
2024-04-03,5.3605,0.053605
2024-04-04,5.3545,0.053544999999999995
2024-04-05,5.3626,0.05362599999999999
2024-04-08,5.3696,0.053696
2024-04-09,5.3474,0.053474
2024-04-10,5.3962,0.053962
2024-04-11,5.3928,0.053928000000000004
2024-04-12,5.3774,0.053773999999999995
2024-04-15,5.3766,0.053766
2024-04-16,5.3605,0.053605
2024-04-17,5.4015,0.05401500000000001
2024-04-18,5.4007,0.054007
2024-04-19,5.3722,0.053722000000000006
2024-04-22,5.3949,0.053949
2024-04-23,5.3526,0.053526
2024-04-24,5.4093,0.054093
2024-04-25,5.4059,0.054058999999999996
2024-04-26,5.3931,0.05393099999999999
2024-04-29,5.3949,0.053949
2024-04-30,5.3918,0.053918
2024-05-01,5.4067,0.054067
2024-05-02,5.3954,0.053954
2024-05-03,5.3852,0.053852000000000004
2024-05-06,5.3923,0.053923
2024-05-07,5.3918,0.053918
2024-05-08,5.3858,0.053857999999999996
2024-05-09,5.3902,0.053902
2024-05-10,5.3957,0.053957
2024-05-13,5.3792,0.053792
2024-05-14,5.3788,0.053788
2024-05-15,5.3962,0.053962
2024-05-16,5.3954,0.053954
2024-05-17,5.3904,0.053903999999999994
2024-05-20,5.3923,0.053923
2024-05-21,5.3814,0.053814
2024-05-22,5.4067,0.054067
2024-05-23,5.4033,0.054033
2024-05-24,5.3975,0.053975
2024-05-27,5.4001,0.054001
2024-05-28,5.4019,0.054019000000000005
2024-05-29,5.4067,0.054067
2024-05-30,5.4085,0.054085
2024-05-31,5.4009,0.054009
2024-06-03,5.4001,0.054001
2024-06-04,5.3866,0.053866
2024-06-05,5.3962,0.053962
2024-06-06,5.3902,0.053902
2024-06-07,5.3852,0.053852000000000004
2024-06-10,5.3766,0.053766
2024-06-11,5.3667,0.053667
2024-06-12,5.3841,0.053841
2024-06-13,5.3755,0.053755
2024-06-14,5.3783,0.053783000000000004
2024-06-17,5.3827,0.053827
2024-06-18,5.3789,0.053789
2024-06-19,5.3789,0.053789
2024-06-20,5.3677,0.053677
2024-06-21,5.3575,0.053575
2024-06-24,5.3463,0.053463000000000004
2024-06-25,5.3432,0.05343200000000001
2024-06-26,5.3737,0.05373700000000001
2024-06-27,5.3677,0.053677
2024-06-28,5.3549,0.053549
2024-07-01,5.3567,0.053567000000000004
2024-07-02,5.3683,0.053682999999999995
2024-07-03,5.3824,0.053824
2024-07-04,5.3824,0.053824
2024-07-05,5.3748,0.053748
2024-07-08,5.3714,0.053714000000000005
2024-07-09,5.3536,0.053536
2024-07-10,5.3685,0.053685000000000004
2024-07-11,5.3391,0.053391
2024-07-12,5.3315,0.053315
2024-07-15,5.3255,0.053255
2024-07-16,5.3302,0.053301999999999995
2024-07-17,5.3346,0.053346
2024-07-18,5.3339,0.053339
2024-07-19,5.3289,0.053289
2024-07-22,5.3203,0.05320299999999999
2024-07-23,5.299,0.05299
2024-07-24,5.3112,0.053112000000000006
2024-07-25,5.3052,0.053052
2024-07-26,5.2899,0.052899
2024-07-29,5.284,0.05284
2024-07-30,5.2822,0.052821999999999994
2024-07-31,5.284,0.05284
2024-08-01,5.252,0.05252
2024-08-02,5.1742,0.051741999999999996
2024-08-05,5.2099,0.052099
2024-08-06,5.2001,0.052001
2024-08-07,5.2202,0.052202
2024-08-08,5.2142,0.052142
2024-08-09,5.2068,0.052068
2024-08-12,5.2086,0.05208599999999999
2024-08-13,5.1767,0.051767
2024-08-14,5.2019,0.052019
2024-08-15,5.2194,0.052194000000000004
2024-08-16,5.2094,0.052093999999999994
2024-08-19,5.1931,0.051931000000000005
2024-08-20,5.1689,0.051689
2024-08-21,5.1447,0.051447
2024-08-22,5.1596,0.051596
2024-08-23,5.1289,0.051289
2024-08-26,5.1255,0.051254999999999995
2024-08-27,5.1003,0.051003
2024-08-28,5.1048,0.051048
2024-08-29,5.1197,0.051197
2024-08-30,5.1117,0.051116999999999996
2024-09-02,5.1117,0.051116999999999996
2024-09-03,5.1109,0.051109
2024-09-04,5.0771,0.050771
2024-09-05,5.0582,0.050582
2024-09-06,5.051,0.05051
2024-09-09,5.0191,0.050191
2024-09-10,4.9583,0.049583
2024-09-11,5.0018,0.050018
2024-09-12,4.9621,0.049621000000000005
2024-09-13,4.8797,0.048797
2024-09-16,4.8609,0.048609
2024-09-17,4.8466,0.048465999999999995
2024-09-18,4.7499,0.047499
2024-09-19,4.713,0.04713
2024-09-20,4.6541,0.046541
2024-09-23,4.6147,0.046147
2024-09-24,4.6048,0.046048
2024-09-25,4.6146,0.046146
2024-09-26,4.6141,0.046140999999999995
2024-09-27,4.6019,0.046019
2024-09-30,4.6169,0.046169
2024-10-01,4.5689,0.045689
2024-10-02,4.5891,0.045891
2024-10-03,4.5807,0.045807
2024-10-04,4.6127,0.046127
2024-10-07,4.6458,0.046458000000000006
2024-10-08,4.626,0.04626
2024-10-09,4.6513,0.046513
2024-10-10,4.6403,0.046403
2024-10-11,4.625,0.04625
2024-10-14,4.625,0.04625
2024-10-15,4.6193,0.046193
2024-10-16,4.6202,0.04620199999999999
2024-10-17,4.6377,0.046376999999999995
2024-10-18,4.6282,0.046282
2024-10-21,4.6224,0.046224
2024-10-22,4.6256,0.046256000000000005
2024-10-23,4.6302,0.046302
2024-10-24,4.6141,0.046140999999999995
2024-10-25,4.6331,0.046331
2024-10-28,4.6091,0.046091
2024-10-29,4.5896,0.045896
2024-10-30,4.5761,0.045761
2024-10-31,4.5418,0.045418
2024-11-01,4.5013,0.045013
2024-11-04,4.5214,0.045214
2024-11-05,4.53,0.0453
2024-11-06,4.532,0.04532
2024-11-07,4.5341,0.04534099999999999
2024-11-08,4.524,0.04524
2024-11-11,4.524,0.04524
2024-11-12,4.5287,0.045286999999999994
2024-11-13,4.4957,0.044957000000000004
2024-11-14,4.5237,0.045237
2024-11-15,4.4909,0.044909
2024-11-18,4.5111,0.045111
2024-11-19,4.519,0.04519
2024-11-20,4.5314,0.04531399999999999
2024-11-21,4.5387,0.045387000000000004
2024-11-22,4.537,0.04537
2024-11-25,4.5234,0.045233999999999996
2024-11-26,4.4859,0.044859
2024-11-27,4.4926,0.044926
2024-11-28,4.4926,0.044926
2024-11-29,4.4858,0.044858
2024-12-02,4.4619,0.044619
2024-12-03,4.447,0.04447
2024-12-04,4.4543,0.044543
2024-12-05,4.4408,0.044408
2024-12-06,4.3874,0.043874
2024-12-09,4.392,0.04392
2024-12-10,4.3641,0.043641
2024-12-11,4.3584,0.043584
2024-12-12,4.3268,0.043268
2024-12-13,4.3201,0.043201
2024-12-16,4.3067,0.043067
2024-12-17,4.3253,0.04325300000000001
2024-12-18,4.3377,0.043377
2024-12-19,4.3268,0.043268
2024-12-20,4.3175,0.043175
2024-12-23,4.3144,0.043144
2024-12-24,4.3066,0.04306600000000001
2024-12-25,4.3066,0.04306600000000001
2024-12-26,4.3191,0.043191
2024-12-27,4.2735,0.042735
2024-12-30,4.2782,0.042782
2024-12-31,4.3144,0.043144
2025-01-01,4.3144,0.043144
2025-01-02,4.3061,0.043060999999999995
2025-01-03,4.2917,0.042917
2025-01-06,4.2911,0.042911000000000005
2025-01-07,4.3071,0.043071
2025-01-08,4.3066,0.04306600000000001
2025-01-09,4.3035,0.043035
2025-01-10,4.3175,0.043175
2025-01-13,4.317,0.04317
2025-01-14,4.3045,0.043045
2025-01-15,4.3014,0.043014000000000004
2025-01-16,4.2983,0.042983
2025-01-17,4.2963,0.042962999999999994
2025-01-20,4.2963,0.042962999999999994
2025-01-21,4.2984,0.042984
2025-01-22,4.317,0.04317
2025-01-23,4.3139,0.043139000000000004
2025-01-24,4.3046,0.043046
2025-01-27,4.2911,0.042911000000000005
2025-01-28,4.2838,0.042838
2025-01-29,4.2885,0.042885
2025-01-30,4.2854,0.042854
2025-01-31,4.2839,0.042839
2025-02-03,4.2911,0.042911000000000005
2025-02-04,4.3097,0.043097
2025-02-05,4.3144,0.043144
2025-02-06,4.3191,0.043191
2025-02-07,4.3279,0.043279
2025-02-10,4.3325,0.043324999999999995
2025-02-11,4.3149,0.043149
2025-02-12,4.3273,0.043273
2025-02-13,4.3165,0.043164999999999995
2025-02-14,4.3118,0.043118
2025-02-17,4.3118,0.043118
2025-02-18,4.3139,0.043139000000000004
2025-02-19,4.3196,0.043196000000000005
2025-02-20,4.3113,0.043113
2025-02-21,4.2994,0.042994000000000004
2025-02-24,4.2886,0.042886
2025-02-25,4.2812,0.042812
2025-02-26,4.2963,0.042962999999999994
2025-02-27,4.2958,0.042957999999999996
2025-02-28,4.2942,0.042942
2025-03-03,4.2937,0.042937
2025-03-04,4.2838,0.042838
2025-03-05,4.304,0.04304
2025-03-06,4.2983,0.042983
2025-03-07,4.2994,0.042994000000000004
2025-03-10,4.2782,0.042782
2025-03-11,4.2812,0.042812
2025-03-12,4.2988,0.042988
2025-03-13,4.2958,0.042957999999999996
2025-03-14,4.2917,0.042917
2025-03-17,4.286,0.042859999999999995
2025-03-18,4.2817,0.042817
2025-03-19,4.2942,0.042942
2025-03-20,4.2911,0.042911000000000005
2025-03-21,4.287,0.04287
2025-03-24,4.2839,0.042839
2025-03-25,4.276,0.04276
2025-03-26,4.2937,0.042937
2025-03-27,4.2932,0.042932
2025-03-28,4.2917,0.042917
2025-03-31,4.2937,0.042937
2025-04-01,4.2916,0.042915999999999996
2025-04-02,4.2988,0.042988
2025-04-03,4.288,0.04288
2025-04-04,4.2425,0.042425
2025-04-07,4.2601,0.04260100000000001
2025-04-08,4.2916,0.042915999999999996
2025-04-09,4.3196,0.043196000000000005
2025-04-10,4.3113,0.043113
2025-04-11,4.3098,0.043098
2025-04-14,4.2989,0.042989
2025-04-15,4.2968,0.042968
2025-04-16,4.3066,0.04306600000000001
2025-04-17,4.3098,0.043098
2025-04-18,4.3098,0.043098
2025-04-21,4.317,0.04317
2025-04-22,4.3019,0.043019
2025-04-23,4.3118,0.043118
2025-04-24,4.2983,0.042983
2025-04-25,4.2917,0.042917
2025-04-28,4.286,0.042859999999999995
2025-04-29,4.2812,0.042812
2025-04-30,4.2859,0.042859
2025-05-01,4.2906,0.04290600000000001
2025-05-02,4.3123,0.043122999999999995
2025-05-05,4.3093,0.043093000000000006
2025-05-06,4.3019,0.043019
2025-05-07,4.3196,0.043196000000000005
2025-05-08,4.3242,0.043242
2025-05-09,4.3201,0.043201
2025-05-12,4.3791,0.043791000000000004
2025-05-13,4.3745,0.043745000000000006
2025-05-14,4.3843,0.04384299999999999
2025-05-15,4.3553,0.043552999999999994
2025-05-16,4.3356,0.043356000000000006
2025-05-19,4.3377,0.043377
2025-05-20,4.3201,0.043201
2025-05-21,4.3377,0.043377
2025-05-22,4.3346,0.043346
2025-05-23,4.3325,0.043324999999999995
2025-05-26,4.3377,0.043377
2025-05-27,4.301,0.04301
2025-05-28,4.3273,0.043273
2025-05-29,4.3372,0.043372
2025-05-30,4.333,0.04333
2025-06-02,4.3299,0.043299000000000004
2025-06-03,4.3201,0.043201
2025-06-04,4.3377,0.043377
2025-06-05,4.332,0.04332
2025-06-06,4.3356,0.043356000000000006
2025-06-09,4.3455,0.043455
2025-06-10,4.3356,0.043356000000000006
2025-06-11,4.3532,0.043532
2025-06-12,4.3631,0.043631
2025-06-13,4.3486,0.043486000000000004
2025-06-16,4.3532,0.043532
2025-06-17,4.3071,0.043071
2025-06-18,4.3191,0.043191
2025-06-19,4.3191,0.043191
2025-06-20,4.2994,0.042994000000000004
2025-06-23,4.2627,0.042627
2025-06-24,4.2605,0.042605000000000004
2025-06-25,4.2885,0.042885
2025-06-26,4.3061,0.043060999999999995
2025-06-27,4.2942,0.042942
2025-06-30,4.2911,0.042911000000000005
2025-07-01,4.3227,0.043227
2025-07-02,4.3273,0.043273
2025-07-03,4.3512,0.043512
2025-07-04,4.3512,0.043512
2025-07-07,4.3429,0.043429
2025-07-08,4.346,0.04346
2025-07-09,4.3584,0.043584
2025-07-10,4.3501,0.043501000000000005
2025-07-11,4.3305,0.043304999999999996
2025-07-14,4.3325,0.043324999999999995
2025-07-15,4.3304,0.043304
2025-07-16,4.3325,0.043324999999999995
2025-07-17,4.3372,0.043372
2025-07-18,4.3279,0.043279
2025-07-21,4.3222,0.043222
2025-07-22,4.3071,0.043071
2025-07-23,4.3455,0.043455
2025-07-24,4.3501,0.043501000000000005
2025-07-25,4.346,0.04346
2025-07-28,4.3351,0.043351
2025-07-29,4.333,0.04333
2025-07-30,4.3377,0.043377
2025-07-31,4.3372,0.043372
2025-08-01,4.2658,0.042657999999999995
2025-08-04,4.2446,0.042446000000000005
2025-08-05,4.232,0.04232
2025-08-06,4.2289,0.042289
2025-08-07,4.2362,0.042362000000000004
2025-08-08,4.2373,0.042373
2025-08-11,4.242,0.04242
2025-08-12,4.2191,0.042191
2025-08-13,4.2005,0.042005
2025-08-14,4.2129,0.042129
2025-08-15,4.2115,0.042115
2025-08-18,4.2213,0.042213
2025-08-19,4.1958,0.041958
2025-08-20,4.2082,0.042081999999999994
2025-08-21,4.231,0.04231
2025-08-22,4.183,0.04183
2025-08-25,4.1929,0.041929
2025-08-26,4.173,0.04173
2025-08-27,4.1725,0.041725000000000005
2025-08-28,4.172,0.04172
2025-08-29,4.1391,0.041391
2025-09-01,4.1391,0.041391
2025-09-02,4.1179,0.04117899999999999
2025-09-03,4.1177,0.041177
2025-09-04,4.0758,0.040758
2025-09-05,4.0021,0.040021
2025-09-08,4.0172,0.040172
2025-09-09,4.0172,0.040172
2025-09-10,4.0297,0.040297
2025-09-11,4.0215,0.040214999999999994
2025-09-12,4.0202,0.040202
2025-09-15,3.9888,0.039888
2025-09-16,3.9526,0.039526
2025-09-17,3.9651,0.039651
2025-09-18,3.9724,0.039724
2025-09-19,3.9608,0.039608
2025-09-22,3.9371,0.039371
2025-09-23,3.9246,0.039245999999999996
2025-09-24,3.9526,0.039526
2025-09-25,3.9703,0.039703
2025-09-26,3.9483,0.039483000000000004
2025-09-29,3.953,0.039529999999999996
2025-09-30,3.9323,0.039323000000000004
2025-10-01,3.9293,0.039293
2025-10-02,3.9418,0.039418
2025-10-03,3.9509,0.039508999999999996
2025-10-06,3.9401,0.039401
2025-10-07,3.9138,0.039138
2025-10-08,3.9315,0.039315
2025-10-09,3.9517,0.039517000000000004
2025-10-10,3.9423,0.039423
2025-10-13,3.9423,0.039423
2025-10-14,3.9315,0.039315
2025-10-15,3.9496,0.039496
2025-10-16,3.9337,0.039337
2025-10-17,3.9143,0.039143
2025-10-20,3.8726,0.038726
2025-10-21,3.8647,0.038647
2025-10-22,3.8772,0.038772
2025-10-23,3.8794,0.038794
2025-10-24,3.8446,0.038446
2025-10-27,3.8132,0.038132
2025-10-28,3.7924,0.037924
2025-10-29,3.8746,0.038746
2025-10-30,3.8355,0.038355
2025-10-31,3.8007,0.038007
2025-11-03,3.8597,0.038597
2025-11-04,3.8647,0.038647
2025-11-05,3.8772,0.038772
2025-11-06,3.8484,0.038484
2025-11-07,3.8446,0.038446
2025-11-10,3.8696,0.038696
2025-11-11,3.8285,0.038285
2025-11-12,3.8695,0.038695
2025-11-13,3.8794,0.038794
2025-11-14,3.8756,0.038756
2025-11-17,3.8571,0.038571
2025-11-18,3.8518,0.038518
2025-11-19,3.8669,0.038668999999999995
2025-11-20,3.8613,0.038613
2025-11-21,3.8214,0.038214
2025-11-24,3.8158,0.038158
2025-11-25,3.7665,0.037665000000000004
2025-11-26,3.8381,0.038381
2025-11-27,3.8381,0.038381
2025-11-28,3.7956,0.037956
2025-12-01,3.7668,0.037668
2025-12-02,3.7407,0.037406999999999996
2025-12-03,3.7042,0.037042
