Date,dvd_yld_pct,q
2015-01-02,2.2417,0.022417
2015-01-05,2.2829,0.022829000000000002
2015-01-06,2.3046,0.023046
2015-01-07,2.2763,0.022763
2015-01-08,2.2366,0.022366
2015-01-09,2.2547,0.022547
2015-01-12,2.2725,0.022725
2015-01-13,2.2789,0.022789
2015-01-14,2.2927,0.022927
2015-01-15,2.3139,0.023139
2015-01-16,2.284,0.02284
2015-01-20,2.2791,0.022791000000000002
2015-01-21,2.2676,0.022675999999999998
2015-01-22,2.2344,0.022344
2015-01-23,2.2467,0.022467
2015-01-26,2.2415,0.022414999999999997
2015-01-27,2.2714,0.022713999999999998
2015-01-28,2.301,0.023010000000000003
2015-01-29,2.2799,0.022799
2015-01-30,2.3089,0.023089
2015-02-02,2.2807,0.022807
2015-02-03,2.2482,0.022482000000000002
2015-02-04,2.2568,0.022568
2015-02-05,2.2342,0.022342
2015-02-06,2.2404,0.022404
2015-02-09,2.2505,0.022505
2015-02-10,2.2267,0.022267000000000002
2015-02-11,2.2255,0.022254999999999997
2015-02-12,2.2043,0.022043
2015-02-13,2.1952,0.021952
2015-02-17,2.1918,0.021918000000000003
2015-02-18,2.1916,0.021916
2015-02-19,2.1931,0.021931
2015-02-20,2.1801,0.021801
2015-02-23,2.1804,0.021804
2015-02-24,2.1742,0.021741999999999997
2015-02-25,2.176,0.02176
2015-02-26,2.1786,0.021786
2015-02-27,2.1861,0.021861000000000002
2015-03-02,2.1723,0.021723
2015-03-03,2.1813,0.021813
2015-03-04,2.1905,0.021905
2015-03-05,2.1881,0.021880999999999998
2015-03-06,2.2193,0.022193
2015-03-09,2.2102,0.022102
2015-03-10,2.2466,0.022466
2015-03-11,2.2519,0.022519
2015-03-12,2.2236,0.022236
2015-03-13,2.2374,0.022374
2015-03-16,2.2079,0.022079
2015-03-17,2.2144,0.022144
2015-03-18,2.1881,0.021880999999999998
2015-03-19,2.1982,0.021981999999999998
2015-03-20,2.2393,0.022393
2015-03-23,2.2436,0.022435999999999998
2015-03-24,2.2563,0.022563
2015-03-25,2.2899,0.022899
2015-03-26,2.2953,0.022953
2015-03-27,2.2901,0.022900999999999998
2015-03-30,2.2625,0.022625000000000003
2015-03-31,2.2824,0.022824
2015-04-01,2.2905,0.022905000000000002
2015-04-02,2.2824,0.022824
2015-04-06,2.2671,0.022671
2015-04-07,2.2731,0.022730999999999998
2015-04-08,2.2655,0.022654999999999998
2015-04-09,2.2554,0.022553999999999998
2015-04-10,2.2432,0.022431999999999997
2015-04-13,2.2534,0.022534000000000002
2015-04-14,2.2491,0.022490999999999997
2015-04-15,2.239,0.02239
2015-04-16,2.2397,0.022397
2015-04-17,2.2657,0.022656999999999997
2015-04-20,2.2452,0.022452
2015-04-21,2.2479,0.022479
2015-04-22,2.2369,0.022369
2015-04-23,2.2313,0.022313
2015-04-24,2.2261,0.022261000000000003
2015-04-27,2.2354,0.022354
2015-04-28,2.2283,0.022283
2015-04-29,2.2376,0.022376
2015-04-30,2.2602,0.022602
2015-05-01,2.236,0.02236
2015-05-04,2.2296,0.022296
2015-05-05,2.2554,0.022553999999999998
2015-05-06,2.2648,0.022648
2015-05-07,2.2558,0.022557999999999998
2015-05-08,2.2265,0.022265
2015-05-11,2.2372,0.022372
2015-05-12,2.2438,0.022438
2015-05-13,2.2434,0.022434
2015-05-14,2.2203,0.022203
2015-05-15,2.2179,0.022179
2015-05-18,2.211,0.022109999999999998
2015-05-19,2.2117,0.022117
2015-05-20,2.2133,0.022133
2015-05-21,2.2068,0.022067999999999997
2015-05-22,2.2121,0.022121
2015-05-26,2.2362,0.022362000000000003
2015-05-27,2.2151,0.022151
2015-05-28,2.2177,0.022177
2015-05-29,2.2315,0.022315
2015-06-01,2.227,0.022269999999999998
2015-06-02,2.2292,0.022292
2015-06-03,2.2233,0.022233
2015-06-04,2.2423,0.022423000000000002
2015-06-05,2.2461,0.022461000000000002
2015-06-08,2.26,0.0226
2015-06-09,2.2603,0.022602999999999998
2015-06-10,2.2335,0.022334999999999997
2015-06-11,2.2263,0.022263
2015-06-12,2.2435,0.022435
2015-06-15,2.2532,0.022532
2015-06-16,2.241,0.02241
2015-06-17,2.2373,0.022372999999999997
2015-06-18,2.2143,0.022143000000000003
2015-06-19,2.2769,0.022768999999999998
2015-06-22,2.2653,0.022653
2015-06-23,2.2637,0.022637
2015-06-24,2.2802,0.022802
2015-06-25,2.2872,0.022872
2015-06-26,2.2876,0.022875999999999997
2015-06-29,2.3366,0.023365999999999998
2015-06-30,2.3317,0.023317
2015-07-01,2.3132,0.023132
2015-07-02,2.3153,0.023153
2015-07-06,2.3219,0.023219
2015-07-07,2.3074,0.023073999999999997
2015-07-08,2.3468,0.023468
2015-07-09,2.3426,0.023426
2015-07-10,2.3134,0.023134000000000002
2015-07-13,2.2882,0.022882
2015-07-14,2.2783,0.022783
2015-07-15,2.279,0.022789999999999998
2015-07-16,2.2609,0.022609
2015-07-17,2.259,0.02259
2015-07-20,2.2578,0.022578
2015-07-21,2.2668,0.022668
2015-07-22,2.2708,0.022708
2015-07-23,2.2837,0.022837
2015-07-24,2.3076,0.023076
2015-07-27,2.3211,0.023211
2015-07-28,2.293,0.022930000000000002
2015-07-29,2.2773,0.022772999999999998
2015-07-30,2.2768,0.022768
2015-07-31,2.2802,0.022802
2015-08-03,2.288,0.022879999999999998
2015-08-04,2.2924,0.022924000000000003
2015-08-05,2.2849,0.022848999999999998
2015-08-06,2.3038,0.023038
2015-08-07,2.3082,0.023082
2015-08-10,2.2795,0.022795
2015-08-11,2.3002,0.023001999999999998
2015-08-12,2.2975,0.022975
2015-08-13,2.3003,0.023003
2015-08-14,2.292,0.02292
2015-08-17,2.2793,0.022793
2015-08-18,2.2859,0.022858999999999997
2015-08-19,2.3041,0.023041
2015-08-20,2.3532,0.023532
2015-08-21,2.4263,0.024263
2015-08-24,2.5329,0.025329
2015-08-25,2.5631,0.025631
2015-08-26,2.4683,0.024683
2015-08-27,2.4087,0.024087
2015-08-28,2.4086,0.024086
2015-08-31,2.4282,0.024281999999999998
2015-09-01,2.5029,0.025029
2015-09-02,2.4563,0.024563
2015-09-03,2.4546,0.024546000000000002
2015-09-04,2.4923,0.024923
2015-09-08,2.4312,0.024312
2015-09-09,2.4641,0.024641000000000003
2015-09-10,2.4508,0.024508000000000002
2015-09-11,2.4397,0.024397000000000002
2015-09-14,2.4488,0.024488
2015-09-15,2.4186,0.024186
2015-09-16,2.3978,0.023978000000000003
2015-09-17,2.4032,0.024032
2015-09-18,2.5002,0.025002
2015-09-21,2.4873,0.024873
2015-09-22,2.52,0.0252
2015-09-23,2.5241,0.025241
2015-09-24,2.5332,0.025332
2015-09-25,2.5339,0.025339
2015-09-28,2.5991,0.025991
2015-09-29,2.5976,0.025976
2015-09-30,2.55,0.0255
2015-10-01,2.5434,0.025434000000000002
2015-10-02,2.5059,0.025059
2015-10-05,2.4621,0.024621
2015-10-06,2.4706,0.024706000000000002
2015-10-07,2.4505,0.024505
2015-10-08,2.4286,0.024286
2015-10-09,2.4272,0.024272000000000002
2015-10-12,2.4249,0.024249
2015-10-13,2.4402,0.024402
2015-10-14,2.452,0.02452
2015-10-15,2.4149,0.024148999999999997
2015-10-16,2.404,0.02404
2015-10-19,2.4028,0.024028
2015-10-20,2.4061,0.024061
2015-10-21,2.4209,0.024209
2015-10-22,2.3807,0.023807000000000002
2015-10-23,2.3549,0.023549
2015-10-26,2.3607,0.023607
2015-10-27,2.3652,0.023652000000000003
2015-10-28,2.3386,0.023386
2015-10-29,2.34,0.023399999999999997
2015-10-30,2.3501,0.023500999999999998
2015-11-02,2.3226,0.023226
2015-11-03,2.3159,0.023159
2015-11-04,2.323,0.02323
2015-11-05,2.3253,0.023253
2015-11-06,2.3265,0.023264999999999997
2015-11-09,2.3484,0.023483999999999998
2015-11-10,2.343,0.02343
2015-11-11,2.3523,0.023523000000000002
2015-11-12,2.3856,0.023856000000000002
2015-11-13,2.4127,0.024127
2015-11-16,2.3765,0.023765
2015-11-17,2.3782,0.023782
2015-11-18,2.3411,0.023411
2015-11-19,2.3431,0.023431
2015-11-20,2.3346,0.023346
2015-11-23,2.3373,0.023372999999999998
2015-11-24,2.3342,0.023342
2015-11-25,2.3345,0.023344999999999998
2015-11-27,2.3318,0.023318
2015-11-30,2.3416,0.023416000000000003
2015-12-01,2.3194,0.023194
2015-12-02,2.3434,0.023434
2015-12-03,2.3766,0.023766
2015-12-04,2.3312,0.023312
2015-12-07,2.3454,0.023454000000000003
2015-12-08,2.3613,0.023613
2015-12-09,2.3798,0.023798
2015-12-10,2.3736,0.023736
2015-12-11,2.4205,0.024205
2015-12-14,2.4084,0.024083999999999998
2015-12-15,2.3833,0.023833000000000003
2015-12-16,2.349,0.02349
2015-12-17,2.3853,0.023853
2015-12-18,2.4737,0.024737
2015-12-21,2.4534,0.024533999999999997
2015-12-22,2.4314,0.024314
2015-12-23,2.4016,0.024016000000000003
2015-12-24,2.4056,0.024056
2015-12-28,2.4111,0.024110999999999997
2015-12-29,2.3856,0.023856000000000002
2015-12-30,2.4027,0.024027
2015-12-31,2.427,0.02427
2016-01-04,2.4614,0.024613999999999997
2016-01-05,2.4572,0.024571999999999997
2016-01-06,2.4886,0.024886
2016-01-07,2.5498,0.025498
2016-01-08,2.578,0.025779999999999997
2016-01-11,2.5755,0.025755
2016-01-12,2.5549,0.025549
2016-01-13,2.6203,0.026202999999999997
2016-01-14,2.5779,0.025779
2016-01-15,2.6345,0.026345
2016-01-19,2.631,0.026309999999999997
2016-01-20,2.6651,0.026650999999999998
2016-01-21,2.6503,0.026503000000000002
2016-01-22,2.597,0.02597
2016-01-25,2.6369,0.026368999999999997
2016-01-26,2.6014,0.026014
2016-01-27,2.63,0.0263
2016-01-28,2.6164,0.026164
2016-01-29,2.5541,0.025541
2016-02-01,2.555,0.025550000000000003
2016-02-02,2.6019,0.026019
2016-02-03,2.5864,0.025863999999999998
2016-02-04,2.5824,0.025824
2016-02-05,2.6325,0.026324999999999998
2016-02-08,2.6684,0.026684
2016-02-09,2.6683,0.026683
2016-02-10,2.6706,0.026705999999999997
2016-02-11,2.7058,0.027058
2016-02-12,2.6511,0.026511
2016-02-16,2.6071,0.026071
2016-02-17,2.5652,0.025651999999999998
2016-02-18,2.5758,0.025758
2016-02-19,2.577,0.02577
2016-02-22,2.5402,0.025402
2016-02-23,2.5727,0.025727000000000003
2016-02-24,2.561,0.02561
2016-02-25,2.5303,0.025303
2016-02-26,2.5362,0.025362
2016-02-29,2.5562,0.025562
2016-03-01,2.4975,0.024975
2016-03-02,2.4863,0.024863
2016-03-03,2.4767,0.024767
2016-03-04,2.4686,0.024686
2016-03-07,2.4666,0.024666
2016-03-08,2.4939,0.024939
2016-03-09,2.4816,0.024815999999999998
2016-03-10,2.4796,0.024796
2016-03-11,2.4402,0.024402
2016-03-14,2.4434,0.024434
2016-03-15,2.4474,0.024474
2016-03-16,2.4333,0.024333
2016-03-17,2.4179,0.024179
2016-03-18,2.4765,0.024765000000000002
2016-03-21,2.473,0.02473
2016-03-22,2.4743,0.024743
2016-03-23,2.4908,0.024908
2016-03-24,2.4919,0.024918999999999997
2016-03-28,2.4904,0.024904000000000003
2016-03-29,2.4676,0.024676
2016-03-30,2.4568,0.024568
2016-03-31,2.4628,0.024628
2016-04-01,2.4461,0.024461
2016-04-04,2.4541,0.024541
2016-04-05,2.4788,0.024788
2016-04-06,2.452,0.02452
2016-04-07,2.4817,0.024817
2016-04-08,2.4751,0.024751
2016-04-11,2.4809,0.024809
2016-04-12,2.458,0.02458
2016-04-13,2.4334,0.024333999999999998
2016-04-14,2.4333,0.024333
2016-04-15,2.436,0.02436
2016-04-18,2.419,0.02419
2016-04-19,2.4114,0.024114
2016-04-20,2.4091,0.024091
2016-04-21,2.4221,0.024221
2016-04-22,2.4221,0.024221
2016-04-25,2.4263,0.024263
2016-04-26,2.4227,0.024227
2016-04-27,2.4177,0.024177
2016-04-28,2.4399,0.024399
2016-04-29,2.4531,0.024531
2016-05-02,2.4338,0.024338000000000002
2016-05-03,2.4551,0.024551
2016-05-04,2.4689,0.024689000000000003
2016-05-05,2.4694,0.024693999999999997
2016-05-06,2.4604,0.024604
2016-05-09,2.4584,0.024584
2016-05-10,2.4282,0.024281999999999998
2016-05-11,2.4511,0.024510999999999998
2016-05-12,2.4504,0.024504
2016-05-13,2.4719,0.024719
2016-05-16,2.4478,0.024478
2016-05-17,2.4708,0.024708
2016-05-18,2.4701,0.024701
2016-05-19,2.4787,0.024787
2016-05-20,2.4631,0.024631
2016-05-23,2.4665,0.024665
2016-05-24,2.4349,0.024349
2016-05-25,2.4185,0.024184999999999998
2016-05-26,2.4178,0.024178
2016-05-27,2.4075,0.024075000000000003
2016-05-31,2.4121,0.024121
2016-06-01,2.4071,0.024071
2016-06-02,2.3998,0.023998
2016-06-03,2.407,0.02407
2016-06-06,2.3948,0.023948
2016-06-07,2.3911,0.023910999999999998
2016-06-08,2.3833,0.023833000000000003
2016-06-09,2.3866,0.023866000000000002
2016-06-10,2.4094,0.024094
2016-06-13,2.4282,0.024281999999999998
2016-06-14,2.4329,0.024329
2016-06-15,2.4363,0.024363000000000003
2016-06-16,2.4291,0.024291
2016-06-17,2.4654,0.024654
2016-06-20,2.4497,0.024497
2016-06-21,2.4427,0.024426999999999997
2016-06-22,2.4467,0.024467
2016-06-23,2.4153,0.024152999999999997
2016-06-24,2.5066,0.025066
2016-06-27,2.5509,0.025509
2016-06-28,2.5057,0.025057
2016-06-29,2.4638,0.024638
2016-06-30,2.4307,0.024307
2016-07-01,2.4255,0.024255
2016-07-05,2.4431,0.024430999999999998
2016-07-06,2.4285,0.024285
2016-07-07,2.4301,0.024301
2016-07-08,2.3944,0.023944
2016-07-11,2.3859,0.023858999999999998
2016-07-12,2.3687,0.023687
2016-07-13,2.3691,0.023691
2016-07-14,2.3559,0.023559
2016-07-15,2.3591,0.023591
2016-07-18,2.3528,0.023527999999999997
2016-07-19,2.3552,0.023552
2016-07-20,2.3454,0.023454000000000003
2016-07-21,2.3543,0.023542999999999998
2016-07-22,2.3438,0.023438
2016-07-25,2.3502,0.023502000000000002
2016-07-26,2.3491,0.023490999999999998
2016-07-27,2.3516,0.023516
2016-07-28,2.3489,0.023489
2016-07-29,2.3451,0.023451
2016-08-01,2.347,0.02347
2016-08-02,2.3622,0.023622
2016-08-03,2.3553,0.023553
2016-08-04,2.3528,0.023527999999999997
2016-08-05,2.3337,0.023337
2016-08-08,2.3351,0.023351
2016-08-09,2.3337,0.023337
2016-08-10,2.3395,0.023395000000000003
2016-08-11,2.3287,0.023287
2016-08-12,2.3307,0.023307
2016-08-15,2.324,0.023239999999999997
2016-08-16,2.336,0.02336
2016-08-17,2.3316,0.023316
2016-08-18,2.3264,0.023264
2016-08-19,2.3298,0.023298
2016-08-22,2.3299,0.023299
2016-08-23,2.3253,0.023253
2016-08-24,2.3372,0.023372
2016-08-25,2.3388,0.023388
2016-08-26,2.3432,0.023431999999999998
2016-08-29,2.3317,0.023317
2016-08-30,2.3356,0.023356
2016-08-31,2.3423,0.023423
2016-09-01,2.3422,0.023422000000000002
2016-09-02,2.3316,0.023316
2016-09-06,2.3246,0.023246000000000003
2016-09-07,2.3248,0.023248
2016-09-08,2.3302,0.023302
2016-09-09,2.3873,0.023873000000000002
2016-09-12,2.3535,0.023535
2016-09-13,2.3879,0.023879
2016-09-14,2.3887,0.023887000000000002
2016-09-15,2.3651,0.023651
2016-09-16,2.4007,0.024007
2016-09-19,2.4002,0.024002
2016-09-20,2.4001,0.024001
2016-09-21,2.3734,0.023734
2016-09-22,2.3586,0.023586
2016-09-23,2.3716,0.023716
2016-09-26,2.3909,0.023909
2016-09-27,2.3762,0.023762
2016-09-28,2.3645,0.023645
2016-09-29,2.386,0.023860000000000003
2016-09-30,2.3682,0.023681999999999998
2016-10-03,2.3739,0.023739
2016-10-04,2.386,0.023860000000000003
2016-10-05,2.3755,0.023755000000000002
2016-10-06,2.3739,0.023739
2016-10-07,2.3821,0.023821
2016-10-10,2.3697,0.023697
2016-10-11,2.4,0.024
2016-10-12,2.3969,0.023969
2016-10-13,2.4048,0.024048
2016-10-14,2.4035,0.024035
2016-10-17,2.4119,0.024119
2016-10-18,2.3969,0.023969
2016-10-19,2.3905,0.023905
2016-10-20,2.395,0.02395
2016-10-21,2.3939,0.023939
2016-10-24,2.3837,0.023837
2016-10-25,2.3917,0.023917
2016-10-26,2.3965,0.023965
2016-10-27,2.403,0.02403
2016-10-28,2.4101,0.024100999999999997
2016-10-31,2.41,0.0241
2016-11-01,2.4275,0.024275
2016-11-02,2.4422,0.024422000000000003
2016-11-03,2.4535,0.024535
2016-11-04,2.4562,0.024562
2016-11-07,2.4032,0.024032
2016-11-08,2.3924,0.023923999999999997
2016-11-09,2.3673,0.023673000000000003
2016-11-10,2.3614,0.023614000000000003
2016-11-11,2.3669,0.023669
2016-11-14,2.365,0.02365
2016-11-15,2.3467,0.023467
2016-11-16,2.3511,0.023511
2016-11-17,2.3391,0.023391000000000002
2016-11-18,2.3443,0.023443000000000002
2016-11-21,2.3268,0.023268
2016-11-22,2.3222,0.023222
2016-11-23,2.321,0.02321
2016-11-25,2.3124,0.023124
2016-11-28,2.3233,0.023233
2016-11-29,2.3188,0.023188
2016-11-30,2.3243,0.023243
2016-12-01,2.3329,0.023329
2016-12-02,2.3317,0.023317
2016-12-05,2.3178,0.023178
2016-12-06,2.3105,0.023105
2016-12-07,2.2807,0.022807
2016-12-08,2.2751,0.022751
2016-12-09,2.2614,0.022614000000000002
2016-12-12,2.264,0.022639999999999997
2016-12-13,2.249,0.02249
2016-12-14,2.2677,0.022677
2016-12-15,2.2584,0.022584
2016-12-16,2.3229,0.023229000000000003
2016-12-19,2.3179,0.023178999999999998
2016-12-20,2.309,0.023090000000000003
2016-12-21,2.3154,0.023153999999999997
2016-12-22,2.3194,0.023194
2016-12-23,2.316,0.02316
2016-12-27,2.3103,0.023103
2016-12-28,2.3296,0.023296
2016-12-29,2.3301,0.023301
2016-12-30,2.3386,0.023386
2017-01-03,2.3209,0.023209
2017-01-04,2.3072,0.023072
2017-01-05,2.309,0.023090000000000003
2017-01-06,2.3008,0.023008
2017-01-09,2.3084,0.023083999999999997
2017-01-10,2.3084,0.023083999999999997
2017-01-11,2.3019,0.023018999999999998
2017-01-12,2.3077,0.023077
2017-01-13,2.3024,0.023024
2017-01-17,2.3105,0.023105
2017-01-18,2.3054,0.023054
2017-01-19,2.314,0.02314
2017-01-20,2.3055,0.023055
2017-01-23,2.3115,0.023115
2017-01-24,2.2968,0.022968000000000002
2017-01-25,2.2771,0.022771
2017-01-26,2.2795,0.022795
2017-01-27,2.2831,0.022831
2017-01-30,2.2973,0.022973
2017-01-31,2.2975,0.022975
2017-02-01,2.2966,0.022966
2017-02-02,2.2951,0.022951000000000003
2017-02-03,2.2794,0.022794
2017-02-06,2.2835,0.022835
2017-02-07,2.2834,0.022834
2017-02-08,2.2804,0.022804
2017-02-09,2.2669,0.022669
2017-02-10,2.258,0.02258
2017-02-13,2.2458,0.022458
2017-02-14,2.2369,0.022369
2017-02-15,2.2252,0.022252
2017-02-16,2.2271,0.022271
2017-02-17,2.2236,0.022236
2017-02-21,2.2105,0.022105
2017-02-22,2.2124,0.022124
2017-02-23,2.2109,0.022109
2017-02-24,2.2081,0.022081
2017-02-27,2.2047,0.022046999999999997
2017-02-28,2.2107,0.022107
2017-03-01,2.1801,0.021801
2017-03-02,2.194,0.02194
2017-03-03,2.1926,0.021926
2017-03-06,2.1991,0.021991
2017-03-07,2.2057,0.022057000000000004
2017-03-08,2.2098,0.022098
2017-03-09,2.207,0.02207
2017-03-10,2.1993,0.021993
2017-03-13,2.1982,0.021981999999999998
2017-03-14,2.2066,0.022066
2017-03-15,2.1877,0.021877
2017-03-16,2.192,0.021920000000000002
2017-03-17,2.1879,0.021879
2017-03-20,2.1903,0.021903000000000002
2017-03-21,2.2188,0.022188
2017-03-22,2.2136,0.022136
2017-03-23,2.216,0.022160000000000003
2017-03-24,2.2176,0.022176
2017-03-27,2.2198,0.022198000000000002
2017-03-28,2.2038,0.022038000000000002
2017-03-29,2.2017,0.022017000000000002
2017-03-30,2.1948,0.021948
2017-03-31,2.1999,0.021999
2017-04-03,2.2037,0.022037
2017-04-04,2.2023,0.022023
2017-04-05,2.2089,0.022088999999999998
2017-04-06,2.2027,0.022027
2017-04-07,2.2049,0.022049
2017-04-10,2.2036,0.022035999999999997
2017-04-11,2.2062,0.022062
2017-04-12,2.216,0.022160000000000003
2017-04-13,2.2304,0.022304
2017-04-17,2.2109,0.022109
2017-04-18,2.2175,0.022174999999999997
2017-04-19,2.2216,0.022216
2017-04-20,2.2036,0.022035999999999997
2017-04-21,2.2107,0.022107
2017-04-24,2.1866,0.021866
2017-04-25,2.174,0.02174
2017-04-26,2.1753,0.021753
2017-04-27,2.1735,0.021735
2017-04-28,2.1783,0.021783
2017-05-01,2.1728,0.021728
2017-05-02,2.172,0.021720000000000003
2017-05-03,2.1746,0.021745999999999998
2017-05-04,2.1721,0.021721
2017-05-05,2.1635,0.021635
2017-05-08,2.1639,0.021639
2017-05-09,2.1659,0.021659
2017-05-10,2.162,0.02162
2017-05-11,2.1664,0.021664
2017-05-12,2.1701,0.021701
2017-05-15,2.1581,0.021581000000000003
2017-05-16,2.1601,0.021601
2017-05-17,2.1991,0.021991
2017-05-18,2.1903,0.021903000000000002
2017-05-19,2.1762,0.021762
2017-05-22,2.1652,0.021652
2017-05-23,2.1604,0.021604
2017-05-24,2.1554,0.021554000000000004
2017-05-25,2.1451,0.021450999999999998
2017-05-26,2.1455,0.021455000000000002
2017-05-30,2.1474,0.021474000000000004
2017-05-31,2.1479,0.021478999999999998
2017-06-01,2.131,0.02131
2017-06-02,2.1239,0.021238999999999997
2017-06-05,2.1255,0.021255000000000003
2017-06-06,2.1323,0.021322999999999998
2017-06-07,2.1284,0.021284
2017-06-08,2.1273,0.021273
2017-06-09,2.1306,0.021306
2017-06-12,2.131,0.02131
2017-06-13,2.1206,0.021206
2017-06-14,2.1233,0.021233
2017-06-15,2.1274,0.021274
2017-06-16,2.1762,0.021762
2017-06-19,2.1582,0.021582
2017-06-20,2.1729,0.021729
2017-06-21,2.1734,0.021734
2017-06-22,2.1744,0.021744
2017-06-23,2.1718,0.021718
2017-06-26,2.1704,0.021703999999999998
2017-06-27,2.188,0.02188
2017-06-28,2.1686,0.021686
2017-06-29,2.1878,0.021878
2017-06-30,2.1837,0.021837
2017-07-03,2.18,0.0218
2017-07-05,2.175,0.02175
2017-07-06,2.1951,0.021951000000000002
2017-07-07,2.1809,0.021809
2017-07-10,2.1786,0.021786
2017-07-11,2.1802,0.021802000000000002
2017-07-12,2.164,0.021640000000000003
2017-07-13,2.1603,0.021602999999999997
2017-07-14,2.1503,0.021503
2017-07-17,2.1506,0.021505999999999997
2017-07-18,2.1494,0.021494
2017-07-19,2.1378,0.021377999999999998
2017-07-20,2.1369,0.021369
2017-07-21,2.1388,0.021387999999999997
2017-07-24,2.1393,0.021393
2017-07-25,2.1341,0.021341000000000002
2017-07-26,2.134,0.021339999999999998
2017-07-27,2.136,0.02136
2017-07-28,2.1385,0.021385
2017-07-31,2.1398,0.021398
2017-08-01,2.135,0.021349999999999997
2017-08-02,2.134,0.021339999999999998
2017-08-03,2.1381,0.021381
2017-08-04,2.1342,0.021342
2017-08-07,2.1303,0.021303000000000002
2017-08-08,2.1355,0.021355
2017-08-09,2.1356,0.021356
2017-08-10,2.1662,0.021662
2017-08-11,2.163,0.021629999999999996
2017-08-14,2.1417,0.021417000000000002
2017-08-15,2.142,0.021419999999999998
2017-08-16,2.1383,0.021383
2017-08-17,2.1721,0.021721
2017-08-18,2.1755,0.021755
2017-08-21,2.1738,0.021738
2017-08-22,2.1513,0.021513
2017-08-23,2.1591,0.021591
2017-08-24,2.1641,0.021641
2017-08-25,2.1591,0.021591
2017-08-28,2.159,0.021589999999999998
2017-08-29,2.1565,0.021564999999999997
2017-08-30,2.1464,0.021463999999999997
2017-08-31,2.1335,0.021335000000000003
2017-09-01,2.1305,0.021305
2017-09-05,2.1459,0.021459000000000002
2017-09-06,2.1386,0.021386
2017-09-07,2.1389,0.021389000000000002
2017-09-08,2.1414,0.021414
2017-09-11,2.1188,0.021188
2017-09-12,2.1117,0.021117
2017-09-13,2.1107,0.021107
2017-09-14,2.1113,0.021113
2017-09-15,2.178,0.02178
2017-09-18,2.1734,0.021734
2017-09-19,2.1712,0.021712
2017-09-20,2.1704,0.021703999999999998
2017-09-21,2.1763,0.021762999999999998
2017-09-22,2.1758,0.021758000000000003
2017-09-25,2.1803,0.021803
2017-09-26,2.179,0.021789999999999997
2017-09-27,2.1705,0.021705000000000002
2017-09-28,2.1679,0.021679
2017-09-29,2.1603,0.021602999999999997
2017-10-02,2.151,0.021509999999999998
2017-10-03,2.1464,0.021463999999999997
2017-10-04,2.1438,0.021438000000000002
2017-10-05,2.1312,0.021312
2017-10-06,2.1337,0.021337000000000002
2017-10-09,2.1372,0.021372
2017-10-10,2.1316,0.021316
2017-10-11,2.1282,0.021282000000000002
2017-10-12,2.1314,0.021314000000000003
2017-10-13,2.1288,0.021288
2017-10-16,2.126,0.021259999999999998
2017-10-17,2.1245,0.021245
2017-10-18,2.1224,0.021224
2017-10-19,2.1218,0.021218
2017-10-20,2.1109,0.021109
2017-10-23,2.1192,0.021192000000000003
2017-10-24,2.1154,0.021154000000000003
2017-10-25,2.126,0.021259999999999998
2017-10-26,2.1232,0.021232
2017-10-27,2.106,0.02106
2017-10-30,2.1139,0.021139
2017-10-31,2.1106,0.021106
2017-11-01,2.1078,0.021078
2017-11-02,2.107,0.021070000000000002
2017-11-03,2.1,0.021
2017-11-06,2.0967,0.020967
2017-11-07,2.0982,0.020981999999999997
2017-11-08,2.0946,0.020946
2017-11-09,2.1022,0.021022
2017-11-10,2.1029,0.021029
2017-11-13,2.1009,0.021009000000000003
2017-11-14,2.1058,0.021058
2017-11-15,2.1164,0.021164000000000002
2017-11-16,2.0986,0.020985999999999998
2017-11-17,2.1048,0.021048
2017-11-20,2.1012,0.021012
2017-11-21,2.0875,0.020874999999999998
2017-11-22,2.0894,0.020894
2017-11-24,2.0846,0.020846
2017-11-27,2.0856,0.020856
2017-11-28,2.0647,0.020647000000000002
2017-11-29,2.0659,0.020659
2017-11-30,2.048,0.02048
2017-12-01,2.0522,0.020522
2017-12-04,2.0547,0.020547
2017-12-05,2.0621,0.020621
2017-12-06,2.0618,0.020617999999999997
2017-12-07,2.0553,0.020553
2017-12-08,2.0441,0.020440999999999997
2017-12-11,2.038,0.02038
2017-12-12,2.0344,0.020344
2017-12-13,2.0346,0.020346000000000003
2017-12-14,2.043,0.02043
2017-12-15,2.0356,0.020356
2017-12-18,2.0228,0.020228000000000003
2017-12-19,2.0306,0.020306
2017-12-20,2.0316,0.020316
2017-12-21,2.0275,0.020274999999999998
2017-12-22,2.028,0.02028
2017-12-26,2.0304,0.020304000000000003
2017-12-27,2.0294,0.020294
2017-12-28,2.0253,0.020253
2017-12-29,2.0329,0.020329
2018-01-02,2.0185,0.020184999999999998
2018-01-03,2.0058,0.020058
2018-01-04,1.9974,0.019974000000000002
2018-01-05,1.9842,0.019842
2018-01-08,1.9805,0.019805
2018-01-09,1.9761,0.019761
2018-01-10,1.9791,0.019791
2018-01-11,1.9648,0.019648000000000002
2018-01-12,1.952,0.01952
2018-01-16,1.9587,0.019587
2018-01-17,1.9402,0.019402
2018-01-18,1.9435,0.019435
2018-01-19,1.9347,0.019347
2018-01-22,1.9191,0.019191
2018-01-23,1.915,0.01915
2018-01-24,1.9158,0.019157999999999998
2018-01-25,1.915,0.01915
2018-01-26,1.893,0.01893
2018-01-29,1.9057,0.019057
2018-01-30,1.9254,0.019254
2018-01-31,1.9245,0.019245
2018-02-01,1.9267,0.019267
2018-02-02,1.9695,0.019695
2018-02-05,2.0555,0.020555
2018-02-06,2.0158,0.020158
2018-02-07,2.0268,0.020268
2018-02-08,2.1058,0.021058
2018-02-09,2.0746,0.020746
2018-02-12,2.0446,0.020446
2018-02-13,2.0395,0.020395
2018-02-14,2.0123,0.020123000000000002
2018-02-15,1.987,0.019870000000000002
2018-02-16,1.9864,0.019864
2018-02-20,1.9989,0.019989
2018-02-21,2.0089,0.020089000000000003
2018-02-22,2.0063,0.020063
2018-02-23,1.9748,0.019748
2018-02-26,1.9522,0.019521999999999998
2018-02-27,1.9768,0.019767999999999997
2018-02-28,1.9971,0.019971000000000003
2018-03-01,2.0265,0.020265
2018-03-02,2.0162,0.020162
2018-03-05,1.9931,0.019931
2018-03-06,1.9881,0.019881
2018-03-07,1.9888,0.019888
2018-03-08,1.9792,0.019792
2018-03-09,1.9454,0.019454
2018-03-12,1.9478,0.019478
2018-03-13,1.9605,0.019604999999999997
2018-03-14,1.9706,0.019705999999999998
2018-03-15,1.9728,0.019728000000000002
2018-03-16,1.9967,0.019967
2018-03-19,2.0241,0.020241
2018-03-20,2.0207,0.020207000000000003
2018-03-21,2.0246,0.020246
2018-03-22,2.0765,0.020765
2018-03-23,2.1217,0.021217
2018-03-26,2.0652,0.020652
2018-03-27,2.1009,0.021009000000000003
2018-03-28,2.1072,0.021072
2018-03-29,2.0806,0.020806
2018-04-02,2.1265,0.021265
2018-04-03,2.0996,0.020996
2018-04-04,2.0773,0.020773
2018-04-05,2.0611,0.020611
2018-04-06,2.1081,0.021081
2018-04-09,2.0977,0.020977000000000003
2018-04-10,2.0649,0.020649
2018-04-11,2.0758,0.020758000000000002
2018-04-12,2.0588,0.020588000000000002
2018-04-13,2.0649,0.020649
2018-04-16,2.0481,0.020481
2018-04-17,2.0264,0.020264
2018-04-18,2.0249,0.020249000000000003
2018-04-19,2.0362,0.020362
2018-04-20,2.0536,0.020536
2018-04-23,2.0539,0.020539
2018-04-24,2.0819,0.020819
2018-04-25,2.0768,0.020768
2018-04-26,2.0559,0.020558999999999997
2018-04-27,2.054,0.02054
2018-04-30,2.0699,0.020699000000000002
2018-05-01,2.0662,0.020662
2018-05-02,2.0802,0.020802
2018-05-03,2.0848,0.020848
2018-05-04,2.0581,0.020581000000000002
2018-05-07,2.0512,0.020512000000000002
2018-05-08,2.0512,0.020512000000000002
2018-05-09,2.0316,0.020316
2018-05-10,2.0127,0.020127000000000003
2018-05-11,2.0066,0.020066
2018-05-14,2.0057,0.020057000000000002
2018-05-15,2.0196,0.020196000000000002
2018-05-16,2.0111,0.020111
2018-05-17,2.0128,0.020128
2018-05-18,2.0179,0.020179
2018-05-21,2.0028,0.020028
2018-05-22,2.0084,0.020084
2018-05-23,2.0029,0.020028999999999998
2018-05-24,2.007,0.02007
2018-05-25,2.0118,0.020118
2018-05-29,2.0352,0.020352000000000002
2018-05-30,2.0084,0.020084
2018-05-31,2.0208,0.020208
2018-06-01,2.0011,0.020011
2018-06-04,1.9917,0.019917
2018-06-05,1.9902,0.019902
2018-06-06,1.9737,0.019737
2018-06-07,1.9739,0.019739
2018-06-08,1.9681,0.019681
2018-06-11,1.9655,0.019655
2018-06-12,1.963,0.01963
2018-06-13,1.9692,0.019692
2018-06-14,1.9643,0.019643
2018-06-15,1.992,0.01992
2018-06-18,1.9962,0.019962
2018-06-19,2.0038,0.020038
2018-06-20,2.0004,0.020004
2018-06-21,2.013,0.02013
2018-06-22,2.0094,0.020093999999999997
2018-06-25,2.0371,0.020371
2018-06-26,2.0326,0.020326
2018-06-27,2.0496,0.020496
2018-06-28,2.0379,0.020379
2018-06-29,2.035,0.02035
2018-07-02,2.0307,0.020307
2018-07-03,2.0379,0.020379
2018-07-05,2.0214,0.020214
2018-07-06,2.0044,0.020044
2018-07-09,1.9865,0.019865
2018-07-10,1.9794,0.019794
2018-07-11,1.994,0.01994
2018-07-12,1.9761,0.019761
2018-07-13,1.9745,0.019745
2018-07-16,1.9763,0.019763
2018-07-17,1.9683,0.019683
2018-07-18,1.9642,0.019642
2018-07-19,1.9716,0.019716
2018-07-20,1.9739,0.019739
2018-07-23,1.9702,0.019702
2018-07-24,1.9604,0.019604
2018-07-25,1.9438,0.019438
2018-07-26,1.9484,0.019483999999999998
2018-07-27,1.9617,0.019617
2018-07-30,1.972,0.01972
2018-07-31,1.9623,0.019622999999999998
2018-08-01,1.9656,0.019656
2018-08-02,1.9549,0.019549
2018-08-03,1.9466,0.019466
2018-08-06,1.9395,0.019395
2018-08-07,1.9331,0.019331
2018-08-08,1.9339,0.019339
2018-08-09,1.9366,0.019366
2018-08-10,1.9496,0.019496
2018-08-13,1.957,0.01957
2018-08-14,1.9445,0.019445
2018-08-15,1.9592,0.019592000000000002
2018-08-16,1.9434,0.019434
2018-08-17,1.9366,0.019366
2018-08-20,1.9325,0.019325000000000002
2018-08-21,1.928,0.01928
2018-08-22,1.9291,0.019291
2018-08-23,1.9317,0.019317
2018-08-24,1.9201,0.019201
2018-08-27,1.9051,0.019051
2018-08-28,1.9042,0.019042
2018-08-29,1.894,0.01894
2018-08-30,1.9017,0.019017
2018-08-31,1.9016,0.019015999999999998
2018-09-04,1.9049,0.019049
2018-09-05,1.91,0.0191
2018-09-06,1.9158,0.019157999999999998
2018-09-07,1.9195,0.019195
2018-09-10,1.9162,0.019162
2018-09-11,1.9099,0.019098999999999998
2018-09-12,1.9094,0.019094
2018-09-13,1.8982,0.018982000000000002
2018-09-14,1.8979,0.018979
2018-09-17,1.908,0.01908
2018-09-18,1.8977,0.018977
2018-09-19,1.8957,0.018956999999999998
2018-09-20,1.8804,0.018804
2018-09-21,1.9158,0.019157999999999998
2018-09-24,1.9222,0.019222
2018-09-25,1.9239,0.019239
2018-09-26,1.9297,0.019296999999999998
2018-09-27,1.9243,0.019243
2018-09-28,1.9241,0.019240999999999998
2018-10-01,1.9175,0.019175
2018-10-02,1.9186,0.019186
2018-10-03,1.9175,0.019175
2018-10-04,1.9327,0.019327
2018-10-05,1.9435,0.019435
2018-10-08,1.9435,0.019435
2018-10-09,1.9464,0.019464
2018-10-10,2.01,0.020099999999999996
2018-10-11,2.0553,0.020553
2018-10-12,2.0271,0.020270999999999997
2018-10-15,2.0386,0.020386
2018-10-16,1.995,0.019950000000000002
2018-10-17,1.9946,0.019946
2018-10-18,2.0238,0.020238
2018-10-19,2.0249,0.020249000000000003
2018-10-22,2.0341,0.020341
2018-10-23,2.0445,0.020445
2018-10-24,2.1083,0.021082999999999998
2018-10-25,2.0712,0.020712
2018-10-26,2.1083,0.021082999999999998
2018-10-29,2.12,0.0212
2018-10-30,2.0891,0.020891000000000003
2018-10-31,2.067,0.02067
2018-11-01,2.0452,0.020451999999999998
2018-11-02,2.0574,0.020574
2018-11-05,2.0461,0.020461
2018-11-06,2.0332,0.020332
2018-11-07,1.9906,0.019906
2018-11-08,1.9942,0.019942
2018-11-09,2.0139,0.020139
2018-11-12,2.0523,0.020523
2018-11-13,2.0561,0.020561
2018-11-14,2.0703,0.020703
2018-11-15,2.0489,0.020489
2018-11-16,2.0436,0.020436
2018-11-19,2.0787,0.020787
2018-11-20,2.1179,0.021179
2018-11-21,2.1107,0.021107
2018-11-23,2.1249,0.021248999999999997
2018-11-26,2.0912,0.020912
2018-11-27,2.0842,0.020842
2018-11-28,2.0372,0.020371999999999998
2018-11-29,2.0417,0.020417
2018-11-30,2.0293,0.020293000000000002
2018-12-03,2.0028,0.020028
2018-12-04,2.0699,0.020699000000000002
2018-12-06,2.073,0.02073
2018-12-07,2.1223,0.021223000000000002
2018-12-10,2.1183,0.021183
2018-12-11,2.1178,0.021178
2018-12-12,2.1072,0.021072
2018-12-13,2.1079,0.021079
2018-12-14,2.1476,0.021476000000000002
2018-12-17,2.1906,0.021906
2018-12-18,2.193,0.02193
2018-12-19,2.2263,0.022263
2018-12-20,2.2632,0.022632
2018-12-21,2.3492,0.023492000000000002
2018-12-24,2.413,0.02413
2018-12-26,2.2969,0.022969
2018-12-27,2.2794,0.022794
2018-12-28,2.2824,0.022824
2018-12-31,2.2626,0.022626
2019-01-02,2.2602,0.022602
2019-01-03,2.3155,0.023155000000000002
2019-01-04,2.2404,0.022404
2019-01-07,2.2229,0.022229000000000002
2019-01-08,2.2022,0.022022
2019-01-09,2.192,0.021920000000000002
2019-01-10,2.1843,0.021842999999999998
2019-01-11,2.1834,0.021834
2019-01-14,2.1968,0.021968
2019-01-15,2.1719,0.021719
2019-01-16,2.1667,0.021667000000000002
2019-01-17,2.1504,0.021504
2019-01-18,2.1221,0.021221
2019-01-22,2.1512,0.021511999999999996
2019-01-23,2.1467,0.021467
2019-01-24,2.1456,0.021456
2019-01-25,2.1276,0.021276000000000003
2019-01-28,2.1438,0.021438000000000002
2019-01-29,2.1467,0.021467
2019-01-30,2.1132,0.021131999999999998
2019-01-31,2.0948,0.020948
2019-02-01,2.0938,0.020938
2019-02-04,2.0792,0.020792
2019-02-05,2.0705,0.020705
2019-02-06,2.0733,0.020733
2019-02-07,2.0932,0.020932
2019-02-08,2.0907,0.020907
2019-02-11,2.0895,0.020895
2019-02-12,2.063,0.020630000000000003
2019-02-13,2.0563,0.020562999999999998
2019-02-14,2.0609,0.020609000000000002
2019-02-15,2.0387,0.020387
2019-02-19,2.0351,0.020350999999999998
2019-02-20,2.031,0.02031
2019-02-21,2.0383,0.020383
2019-02-22,2.0257,0.020257
2019-02-25,2.023,0.02023
2019-02-26,2.0244,0.020243999999999998
2019-02-27,2.0253,0.020253
2019-02-28,2.0291,0.020291
2019-03-01,2.0165,0.020165000000000002
2019-03-04,2.0238,0.020238
2019-03-05,2.0266,0.020266000000000003
2019-03-06,2.0389,0.020389
2019-03-07,2.0561,0.020561
2019-03-08,2.0603,0.020602999999999996
2019-03-11,2.0308,0.020308000000000003
2019-03-12,2.0232,0.020232
2019-03-13,2.0099,0.020099
2019-03-14,2.0112,0.020112
2019-03-15,2.0548,0.020548
2019-03-18,2.0474,0.020474000000000003
2019-03-19,2.0469,0.020469
2019-03-20,2.053,0.02053
2019-03-21,2.0301,0.020301
2019-03-22,2.0699,0.020699000000000002
2019-03-25,2.0715,0.020714999999999997
2019-03-26,2.0562,0.020562
2019-03-27,2.067,0.02067
2019-03-28,2.0592,0.020592000000000003
2019-03-29,2.0463,0.020463
2019-04-01,2.0223,0.020223
2019-04-02,2.0213,0.020213000000000002
2019-04-03,2.0181,0.020181
2019-04-04,2.0128,0.020128
2019-04-05,2.0031,0.020031
2019-04-08,2.0016,0.020016
2019-04-09,2.0119,0.020118999999999998
2019-04-10,2.005,0.02005
2019-04-11,2.0056,0.020055999999999997
2019-04-12,1.9921,0.019921
2019-04-15,1.9934,0.019934
2019-04-16,1.9921,0.019921
2019-04-17,1.997,0.01997
2019-04-18,1.9931,0.019931
2019-04-22,1.9914,0.019914
2019-04-23,1.9736,0.019736
2019-04-24,1.978,0.01978
2019-04-25,1.9792,0.019792
2019-04-26,1.97,0.0197
2019-04-29,1.967,0.01967
2019-04-30,1.966,0.01966
2019-05-01,1.9808,0.019808
2019-05-02,1.9851,0.019851
2019-05-03,1.9659,0.019659
2019-05-06,1.974,0.01974
2019-05-07,2.0075,0.020075
2019-05-08,2.0103,0.020103
2019-05-09,2.0164,0.020164
2019-05-10,2.0064,0.020064000000000002
2019-05-13,2.0581,0.020581000000000002
2019-05-14,2.0396,0.020396
2019-05-15,2.0278,0.020278
2019-05-16,2.0091,0.020091
2019-05-17,2.0222,0.020222000000000004
2019-05-20,2.0357,0.020357
2019-05-21,2.0175,0.020175000000000002
2019-05-22,2.0237,0.020236999999999998
2019-05-23,2.0487,0.020487000000000002
2019-05-24,2.0441,0.020440999999999997
2019-05-28,2.0633,0.020633
2019-05-29,2.0772,0.020772
2019-05-30,2.0716,0.020716000000000002
2019-05-31,2.0999,0.020999
2019-06-03,2.1052,0.021052
2019-06-04,2.0605,0.020605000000000002
2019-06-05,2.0428,0.020428
2019-06-06,2.0296,0.020295999999999998
2019-06-07,2.0095,0.020095000000000002
2019-06-10,2.0003,0.020003000000000003
2019-06-11,2.0008,0.020007999999999998
2019-06-12,2.0043,0.020043000000000002
2019-06-13,1.9961,0.019961
2019-06-14,1.9983,0.019983
2019-06-17,1.9975,0.019975
2019-06-18,1.9768,0.019767999999999997
2019-06-19,1.9724,0.019724
2019-06-20,1.9537,0.019537
2019-06-21,2.0261,0.020261
2019-06-24,2.0286,0.020286
2019-06-25,2.0487,0.020487000000000002
2019-06-26,2.0507,0.020507
2019-06-27,2.0435,0.020435
2019-06-28,2.033,0.02033
2019-07-01,2.0147,0.020146999999999998
2019-07-02,2.0095,0.020095000000000002
2019-07-03,1.9936,0.019936
2019-07-05,1.9958,0.019958
2019-07-08,2.0068,0.020068000000000003
2019-07-09,2.0044,0.020044
2019-07-10,1.9948,0.019948
2019-07-11,1.9902,0.019902
2019-07-12,1.9813,0.019813
2019-07-15,1.9806,0.019806
2019-07-16,1.9875,0.019875
2019-07-17,2.0006,0.020006
2019-07-18,1.9934,0.019934
2019-07-19,2.0045,0.020045
2019-07-22,1.9996,0.019996
2019-07-23,1.9854,0.019854
2019-07-24,1.9761,0.019761
2019-07-25,1.9856,0.019856
2019-07-26,1.9724,0.019724
2019-07-29,1.976,0.01976
2019-07-30,1.9808,0.019808
2019-07-31,2.0027,0.020027
2019-08-01,2.0203,0.020203000000000002
2019-08-02,2.0357,0.020357
2019-08-05,2.0988,0.020988000000000003
2019-08-06,2.0697,0.020697
2019-08-07,2.0685,0.020685
2019-08-08,2.0287,0.020287000000000003
2019-08-09,2.0426,0.020426000000000003
2019-08-12,2.0678,0.020678000000000002
2019-08-13,2.0361,0.020360999999999997
2019-08-14,2.0982,0.020981999999999997
2019-08-15,2.0927,0.020926999999999998
2019-08-16,2.0622,0.020621999999999998
2019-08-19,2.0377,0.020377
2019-08-20,2.0534,0.020534
2019-08-21,2.0368,0.020368
2019-08-22,2.0375,0.020375
2019-08-23,2.0912,0.020912
2019-08-26,2.0683,0.020682999999999997
2019-08-27,2.0765,0.020765
2019-08-28,2.0619,0.020619000000000002
2019-08-29,2.0359,0.020359
2019-08-30,2.0368,0.020368
2019-09-03,2.0488,0.020488
2019-09-04,2.0258,0.020257999999999998
2019-09-05,2.0001,0.020001
2019-09-06,1.9986,0.019986
2019-09-09,1.9976,0.019976
2019-09-10,1.998,0.01998
2019-09-11,1.9839,0.019839
2019-09-12,1.9771,0.019771
2019-09-13,1.9784,0.019784
2019-09-16,1.9845,0.019844999999999998
2019-09-17,1.9795,0.019795
2019-09-18,1.9783,0.019783
2019-09-19,1.9785,0.019785
2019-09-20,2.0102,0.020102000000000002
2019-09-23,2.0107,0.020107
2019-09-24,2.0266,0.020266000000000003
2019-09-25,2.0147,0.020146999999999998
2019-09-26,2.0189,0.020189
2019-09-27,2.0298,0.020297999999999997
2019-09-30,2.0204,0.020204
2019-10-01,2.0448,0.020448
2019-10-02,2.0815,0.020815
2019-10-03,2.0646,0.020646
2019-10-04,2.0371,0.020371
2019-10-07,2.0459,0.020459
2019-10-08,2.0781,0.020781
2019-10-09,2.0586,0.020586000000000004
2019-10-10,2.0448,0.020448
2019-10-11,2.0238,0.020238
2019-10-14,2.026,0.020259999999999997
2019-10-15,2.0062,0.020062000000000003
2019-10-16,2.0094,0.020093999999999997
2019-10-17,2.0035,0.020034999999999997
2019-10-18,2.0123,0.020123000000000002
2019-10-21,1.9988,0.019988
2019-10-22,2.0053,0.020053
2019-10-23,1.9995,0.019995
2019-10-24,1.9962,0.019962
2019-10-25,1.9881,0.019881
2019-10-28,1.9769,0.019769000000000002
2019-10-29,1.9775,0.019775
2019-10-30,1.9715,0.019715
2019-10-31,1.9767,0.019767
2019-11-01,1.9586,0.019586
2019-11-04,1.9508,0.019508
2019-11-05,1.9529,0.019529
2019-11-06,1.9525,0.019525
2019-11-07,1.9456,0.019456
2019-11-08,1.9409,0.019409
2019-11-11,1.9446,0.019446
2019-11-12,1.9405,0.019405
2019-11-13,1.9398,0.019398
2019-11-14,1.937,0.019370000000000002
2019-11-15,1.9231,0.019231
2019-11-18,1.9217,0.019216999999999998
2019-11-19,1.9222,0.019222
2019-11-20,1.9294,0.019294
2019-11-21,1.9325,0.019325000000000002
2019-11-22,1.9282,0.019282
2019-11-25,1.9134,0.019133999999999998
2019-11-26,1.9091,0.019091
2019-11-27,1.9006,0.019006000000000002
2019-11-29,1.9077,0.019077
2019-12-02,1.924,0.01924
2019-12-03,1.937,0.019370000000000002
2019-12-04,1.9251,0.019251
2019-12-05,1.9217,0.019216999999999998
2019-12-06,1.9043,0.019043
2019-12-09,1.9103,0.019103000000000002
2019-12-10,1.9124,0.019124000000000002
2019-12-11,1.907,0.01907
2019-12-12,1.8907,0.018907
2019-12-13,1.8896,0.018896
2019-12-16,1.8767,0.018767
2019-12-17,1.8763,0.018763000000000002
2019-12-18,1.8762,0.018762
2019-12-19,1.8685,0.018685
2019-12-20,1.906,0.01906
2019-12-23,1.9031,0.019031
2019-12-24,1.903,0.019030000000000002
2019-12-26,1.893,0.01893
2019-12-27,1.8934,0.018934
2019-12-30,1.9039,0.019039
2019-12-31,1.8993,0.018993
2020-01-02,1.8817,0.018817
2020-01-03,1.8961,0.018961
2020-01-06,1.8889,0.018889
2020-01-07,1.8942,0.018942
2020-01-08,1.8842,0.018842
2020-01-09,1.8715,0.018715
2020-01-10,1.8769,0.018769
2020-01-13,1.864,0.01864
2020-01-14,1.8669,0.018669
2020-01-15,1.8627,0.018627
2020-01-16,1.8473,0.018473
2020-01-17,1.8416,0.018416
2020-01-21,1.8452,0.018452
2020-01-22,1.845,0.01845
2020-01-23,1.8429,0.018429
2020-01-24,1.8594,0.018594
2020-01-27,1.8897,0.018897
2020-01-28,1.8701,0.018701000000000002
2020-01-29,1.8716,0.018716
2020-01-30,1.8656,0.018656
2020-01-31,1.9001,0.019001
2020-02-03,1.8861,0.018861000000000003
2020-02-04,1.8578,0.018577999999999997
2020-02-05,1.8366,0.018366
2020-02-06,1.8304,0.018304
2020-02-07,1.8402,0.018402
2020-02-10,1.8266,0.018266
2020-02-11,1.8234,0.018234
2020-02-12,1.8117,0.018117
2020-02-13,1.8137,0.018137
2020-02-14,1.8108,0.018108
2020-02-18,1.8154,0.018154
2020-02-19,1.8068,0.018068
2020-02-20,1.8143,0.018143
2020-02-21,1.8331,0.018331
2020-02-24,1.896,0.018959999999999998
2020-02-25,1.9553,0.019553
2020-02-26,1.9625,0.019625
2020-02-27,2.0548,0.020548
2020-02-28,2.0634,0.020634
2020-03-02,1.9778,0.019778
2020-03-03,2.0361,0.020360999999999997
2020-03-04,1.954,0.01954
2020-03-05,2.0211,0.020211
2020-03-06,2.0551,0.020551
2020-03-09,2.2292,0.022292
2020-03-10,2.1195,0.021195
2020-03-11,2.2281,0.022281
2020-03-12,2.4639,0.024639
2020-03-13,2.2698,0.022698
2020-03-16,2.5487,0.025487000000000003
2020-03-17,2.4182,0.024182000000000002
2020-03-18,2.5471,0.025471
2020-03-19,2.5417,0.025417000000000002
2020-03-20,2.7377,0.027377
2020-03-23,2.8096,0.028096
2020-03-24,2.5762,0.025762
2020-03-25,2.5382,0.025382
2020-03-26,2.3981,0.023981
2020-03-27,2.4718,0.024718
2020-03-30,2.394,0.023940000000000003
2020-03-31,2.4302,0.024302
2020-04-01,2.5448,0.025448
2020-04-02,2.4874,0.024874
2020-04-03,2.5239,0.025238999999999998
2020-04-06,2.365,0.02365
2020-04-07,2.3626,0.023626
2020-04-08,2.2859,0.022858999999999997
2020-04-09,2.2516,0.022515999999999998
2020-04-13,2.2723,0.022723
2020-04-14,2.2072,0.022071999999999998
2020-04-15,2.2552,0.022552
2020-04-16,2.2443,0.022443
2020-04-17,2.1853,0.021852999999999997
2020-04-20,2.2245,0.022245
2020-04-21,2.2942,0.022942
2020-04-22,2.2443,0.022443
2020-04-23,2.2445,0.022445
2020-04-24,2.2136,0.022136
2020-04-27,2.1822,0.021821999999999998
2020-04-28,2.1923,0.021922999999999998
2020-04-29,2.1363,0.021363
2020-04-30,2.1564,0.021564
2020-05-01,2.2151,0.022151
2020-05-04,2.209,0.022090000000000002
2020-05-05,2.1887,0.021887
2020-05-06,2.2037,0.022037
2020-05-07,2.1774,0.021774
2020-05-08,2.142,0.021419999999999998
2020-05-11,2.1415,0.021415000000000003
2020-05-12,2.1851,0.021851
2020-05-13,2.2244,0.022244
2020-05-14,2.1981,0.021981
2020-05-15,2.1881,0.021880999999999998
2020-05-18,2.1234,0.021234000000000003
2020-05-19,2.1454,0.021454
2020-05-20,2.1096,0.021096
2020-05-21,2.1242,0.021242
2020-05-22,2.1202,0.021202000000000002
2020-05-26,2.0944,0.020943999999999997
2020-05-27,2.0637,0.020637
2020-05-28,2.0675,0.020675
2020-05-29,2.0583,0.020583
2020-06-01,2.0501,0.020501000000000002
2020-06-02,2.0332,0.020332
2020-06-03,2.0065,0.020065
2020-06-04,2.0118,0.020118
2020-06-05,1.9615,0.019615
2020-06-08,1.9381,0.019381
2020-06-09,1.9527,0.019527000000000003
2020-06-10,1.9636,0.019636
2020-06-11,2.0837,0.020836999999999998
2020-06-12,2.0591,0.020590999999999998
2020-06-15,2.04,0.0204
2020-06-16,2.0015,0.020015
2020-06-17,2.0099,0.020099
2020-06-18,2.0091,0.020091
2020-06-19,1.9978,0.019978
2020-06-22,1.9851,0.019851
2020-06-23,1.976,0.01976
2020-06-24,2.0277,0.020277
2020-06-25,2.0062,0.020062000000000003
2020-06-26,2.055,0.020550000000000002
2020-06-29,2.0252,0.020252
2020-06-30,1.9996,0.019996
2020-07-01,1.9857,0.019857
2020-07-02,1.9748,0.019748
2020-07-06,1.9448,0.019448
2020-07-07,1.9651,0.019651000000000002
2020-07-08,1.9502,0.019502
2020-07-09,1.9613,0.019613000000000002
2020-07-10,1.9415,0.019415
2020-07-13,1.9585,0.019584999999999998
2020-07-14,1.9334,0.019334
2020-07-15,1.9158,0.019157999999999998
2020-07-16,1.9222,0.019222
2020-07-17,1.9166,0.019166000000000002
2020-07-20,1.9012,0.019012
2020-07-21,1.8972,0.018972
2020-07-22,1.8865,0.018865
2020-07-23,1.9092,0.019092
2020-07-24,1.9216,0.019216
2020-07-27,1.9077,0.019077
2020-07-28,1.9199,0.019199
2020-07-29,1.8966,0.018966
2020-07-30,1.9033,0.019033
2020-07-31,1.8884,0.018884
2020-08-03,1.8754,0.018754
2020-08-04,1.8682,0.018682
2020-08-05,1.8566,0.018566
2020-08-06,1.8443,0.018443
2020-08-07,1.843,0.01843
2020-08-10,1.8375,0.018375
2020-08-11,1.8528,0.018528
2020-08-12,1.8273,0.018272999999999998
2020-08-13,1.8306,0.018306
2020-08-14,1.8306,0.018306
2020-08-17,1.8248,0.018248
2020-08-18,1.8208,0.018208
2020-08-19,1.8284,0.018284
2020-08-20,1.8228,0.018228
2020-08-21,1.8163,0.018163
2020-08-24,1.7981,0.017981
2020-08-25,1.7918,0.017918
2020-08-26,1.7741,0.017741
2020-08-27,1.7702,0.017702
2020-08-28,1.7588,0.017588
2020-08-31,1.7652,0.017652
2020-09-01,1.7487,0.017487
2020-09-02,1.7238,0.017238
2020-09-03,1.7852,0.017852
2020-09-04,1.7999,0.017999
2020-09-08,1.8505,0.018505
2020-09-09,1.8147,0.018147
2020-09-10,1.8467,0.018467
2020-09-11,1.8458,0.018458000000000002
2020-09-14,1.8218,0.018218
2020-09-15,1.8126,0.018126
2020-09-16,1.8199,0.018199
2020-09-17,1.836,0.01836
2020-09-18,1.843,0.01843
2020-09-21,1.8637,0.018637
2020-09-22,1.8449,0.018449
2020-09-23,1.8887,0.018887
2020-09-24,1.8837,0.018837
2020-09-25,1.8538,0.018538
2020-09-28,1.8235,0.018234999999999998
2020-09-29,1.8335,0.018335
2020-09-30,1.8197,0.018197
2020-10-01,1.8081,0.018081
2020-10-02,1.8254,0.018254
2020-10-05,1.7936,0.017936
2020-10-06,1.8194,0.018194
2020-10-07,1.7883,0.017883
2020-10-08,1.7726,0.017726
2020-10-09,1.7569,0.017568999999999998
2020-10-12,1.7291,0.017291
2020-10-13,1.7405,0.017405
2020-10-14,1.7515,0.017515
2020-10-15,1.7536,0.017536
2020-10-16,1.7547,0.017547
2020-10-19,1.7818,0.017818
2020-10-20,1.7747,0.017747
2020-10-21,1.778,0.01778
2020-10-22,1.7683,0.017683
2020-10-23,1.7624,0.017624
2020-10-26,1.7955,0.017955000000000002
2020-10-27,1.8017,0.018017000000000002
2020-10-28,1.8655,0.018654999999999998
2020-10-29,1.8467,0.018467
2020-10-30,1.8662,0.018662
2020-11-02,1.8455,0.018455
2020-11-03,1.8135,0.018135
2020-11-04,1.7738,0.017738
2020-11-05,1.7399,0.017399
2020-11-06,1.7403,0.017403
2020-11-09,1.7187,0.017186999999999997
2020-11-10,1.7212,0.017212
2020-11-11,1.7085,0.017085
2020-11-12,1.7253,0.017253
2020-11-13,1.7017,0.017017
2020-11-16,1.6807,0.016807000000000002
2020-11-17,1.6898,0.016898
2020-11-18,1.7104,0.017103999999999998
2020-11-19,1.7032,0.017032000000000002
2020-11-20,1.715,0.017150000000000002
2020-11-23,1.7048,0.017048
2020-11-24,1.6777,0.016777
2020-11-25,1.6803,0.016803
2020-11-27,1.6757,0.016757
2020-11-30,1.6831,0.016831
2020-12-01,1.6649,0.016649
2020-12-02,1.6614,0.016614
2020-12-03,1.6619,0.016619
2020-12-04,1.6477,0.016477
2020-12-07,1.651,0.01651
2020-12-08,1.6462,0.016462
2020-12-09,1.6611,0.016611
2020-12-10,1.6617,0.016617
2020-12-11,1.6636,0.016635999999999998
2020-12-14,1.6711,0.016711
2020-12-15,1.6488,0.016488
2020-12-16,1.6462,0.016462
2020-12-17,1.6371,0.016371
2020-12-18,1.6465,0.016465
2020-12-21,1.6524,0.016524
2020-12-22,1.6552,0.016552
2020-12-23,1.6537,0.016537
2020-12-24,1.6473,0.016473
2020-12-28,1.6333,0.016333
2020-12-29,1.6364,0.016364
2020-12-30,1.6341,0.016341
2020-12-31,1.6258,0.016257999999999998
2021-01-04,1.6483,0.016483
2021-01-05,1.637,0.01637
2021-01-06,1.6273,0.016273
2021-01-07,1.6035,0.016035
2021-01-08,1.5944,0.015944
2021-01-11,1.6052,0.016052
2021-01-12,1.6048,0.016048
2021-01-13,1.6005,0.016005000000000002
2021-01-14,1.6062,0.016062
2021-01-15,1.618,0.01618
2021-01-19,1.6054,0.016054
2021-01-20,1.5834,0.015834
2021-01-21,1.582,0.01582
2021-01-22,1.5876,0.015875999999999998
2021-01-25,1.5814,0.015813999999999998
2021-01-26,1.5839,0.015839000000000002
2021-01-27,1.6235,0.016235
2021-01-28,1.6097,0.016097
2021-01-29,1.6426,0.016426
2021-02-01,1.6157,0.016156999999999998
2021-02-02,1.5932,0.015931999999999998
2021-02-03,1.5919,0.015919000000000003
2021-02-04,1.574,0.01574
2021-02-05,1.5678,0.015678
2021-02-08,1.5566,0.015566
2021-02-09,1.5576,0.015576000000000001
2021-02-10,1.5583,0.015583
2021-02-11,1.5558,0.015558
2021-02-12,1.5482,0.015482000000000001
2021-02-16,1.5495,0.015495000000000002
2021-02-17,1.5491,0.015491
2021-02-18,1.5558,0.015558
2021-02-19,1.5585,0.015585
2021-02-22,1.5706,0.015706
2021-02-23,1.5687,0.015687
2021-02-24,1.5516,0.015516
2021-02-25,1.5899,0.015899
2021-02-26,1.5981,0.015981000000000002
2021-03-01,1.5603,0.015603
2021-03-02,1.5726,0.015726
2021-03-03,1.5937,0.015937
2021-03-04,1.6137,0.016137
2021-03-05,1.5845,0.015845
2021-03-08,1.5924,0.015924
2021-03-09,1.57,0.015700000000000002
2021-03-10,1.5603,0.015603
2021-03-11,1.5447,0.015446999999999999
2021-03-12,1.5426,0.015426
2021-03-15,1.5334,0.015334
2021-03-16,1.5354,0.015354000000000001
2021-03-17,1.5302,0.015302
2021-03-18,1.5527,0.015527
2021-03-19,1.5207,0.015207
2021-03-22,1.5087,0.015087
2021-03-23,1.5206,0.015205999999999999
2021-03-24,1.5284,0.015283999999999999
2021-03-25,1.5198,0.015198
2021-03-26,1.4957,0.014957
2021-03-29,1.4965,0.014965
2021-03-30,1.5005,0.015005
2021-03-31,1.4944,0.014943999999999999
2021-04-01,1.4784,0.014783999999999999
2021-04-05,1.4575,0.014575
2021-04-06,1.4584,0.014584
2021-04-07,1.4567,0.014567000000000002
2021-04-08,1.4498,0.014498
2021-04-09,1.4394,0.014394
2021-04-12,1.4388,0.014388000000000001
2021-04-13,1.4346,0.014346000000000001
2021-04-14,1.4395,0.014395
2021-04-15,1.4242,0.014242
2021-04-16,1.4195,0.014195
2021-04-19,1.4265,0.014265000000000002
2021-04-20,1.437,0.01437
2021-04-21,1.4235,0.014235
2021-04-22,1.4366,0.014366
2021-04-23,1.4212,0.014212
2021-04-26,1.4183,0.014183
2021-04-27,1.4186,0.014186
2021-04-28,1.419,0.014190000000000001
2021-04-29,1.41,0.0141
2021-04-30,1.4193,0.014193
2021-05-03,1.4163,0.014162999999999999
2021-05-04,1.4251,0.014251
2021-05-05,1.4246,0.014246000000000002
2021-05-06,1.4133,0.014133
2021-05-07,1.4031,0.014031
2021-05-10,1.4171,0.014171
2021-05-11,1.4299,0.014299
2021-05-12,1.4609,0.014609
2021-05-13,1.4436,0.014436
2021-05-14,1.4218,0.014218
2021-05-17,1.4254,0.014254
2021-05-18,1.4378,0.014378
2021-05-19,1.4416,0.014416
2021-05-20,1.4262,0.014261999999999999
2021-05-21,1.4274,0.014274
2021-05-24,1.413,0.01413
2021-05-25,1.4161,0.014161
2021-05-26,1.4133,0.014133
2021-05-27,1.4126,0.014126000000000001
2021-05-28,1.4101,0.014100999999999999
2021-06-01,1.4113,0.014113
2021-06-02,1.4091,0.014091
2021-06-03,1.4143,0.014143
2021-06-04,1.4015,0.014015
2021-06-07,1.4029,0.014029
2021-06-08,1.4026,0.014026
2021-06-09,1.4047,0.014047
2021-06-10,1.3982,0.013982000000000001
2021-06-11,1.3959,0.013959
2021-06-14,1.3928,0.013928000000000001
2021-06-15,1.3953,0.013953
2021-06-16,1.4031,0.014031
2021-06-17,1.4036,0.014036
2021-06-18,1.4253,0.014253
2021-06-21,1.4052,0.014052
2021-06-22,1.3977,0.013977
2021-06-23,1.3994,0.013994
2021-06-24,1.3911,0.013911
2021-06-25,1.3862,0.013862000000000001
2021-06-28,1.3834,0.013833999999999999
2021-06-29,1.3827,0.013827
2021-06-30,1.3815,0.013815
2021-07-01,1.3739,0.013739
2021-07-02,1.3635,0.013635
2021-07-06,1.366,0.01366
2021-07-07,1.3612,0.013611999999999999
2021-07-08,1.3723,0.013723
2021-07-09,1.3579,0.013579
2021-07-12,1.353,0.01353
2021-07-13,1.3576,0.013576
2021-07-14,1.3556,0.013555999999999999
2021-07-15,1.3603,0.013603
2021-07-16,1.371,0.01371
2021-07-19,1.3916,0.013916
2021-07-20,1.3719,0.013718999999999999
2021-07-21,1.3609,0.013609
2021-07-22,1.358,0.013580000000000002
2021-07-23,1.3442,0.013442
2021-07-26,1.3409,0.013408999999999999
2021-07-27,1.3471,0.013471
2021-07-28,1.3476,0.013475999999999998
2021-07-29,1.342,0.013420000000000001
2021-07-30,1.3486,0.013486
2021-08-02,1.3514,0.013514
2021-08-03,1.3405,0.013405
2021-08-04,1.3472,0.013472
2021-08-05,1.3387,0.013387
2021-08-06,1.3365,0.013365
2021-08-09,1.3376,0.013375999999999999
2021-08-10,1.3359,0.013359000000000001
2021-08-11,1.3326,0.013326
2021-08-12,1.3286,0.013286
2021-08-13,1.3262,0.013262000000000001
2021-08-16,1.3231,0.013231
2021-08-17,1.3318,0.013318000000000002
2021-08-18,1.3465,0.013465
2021-08-19,1.3445,0.013445
2021-08-20,1.3338,0.013338000000000001
2021-08-23,1.3222,0.013222000000000001
2021-08-24,1.3201,0.013201000000000001
2021-08-25,1.3174,0.013173999999999998
2021-08-26,1.3252,0.013252
2021-08-27,1.3134,0.013134
2021-08-30,1.3077,0.013077
2021-08-31,1.3096,0.013096000000000002
2021-09-01,1.3089,0.013089
2021-09-02,1.3049,0.013049
2021-09-03,1.3052,0.013052
2021-09-07,1.3099,0.013099000000000001
2021-09-08,1.3115,0.013115000000000002
2021-09-09,1.3171,0.013170999999999999
2021-09-10,1.3276,0.013276
2021-09-13,1.3242,0.013242
2021-09-14,1.3314,0.013314
2021-09-15,1.3204,0.013204
2021-09-16,1.3225,0.013225
2021-09-17,1.3568,0.013568
2021-09-20,1.3798,0.013798
2021-09-21,1.3811,0.013811
2021-09-22,1.3678,0.013678
2021-09-23,1.3513,0.013512999999999999
2021-09-24,1.3491,0.013491
2021-09-27,1.353,0.01353
2021-09-28,1.3808,0.013808
2021-09-29,1.3785,0.013785
2021-09-30,1.3955,0.013955
2021-10-01,1.3792,0.013792
2021-10-04,1.3972,0.013972
2021-10-05,1.3828,0.013828
2021-10-06,1.3771,0.013771
2021-10-07,1.3653,0.013653
2021-10-08,1.3678,0.013678
2021-10-11,1.3777,0.013777
2021-10-12,1.3811,0.013811
2021-10-13,1.3762,0.013762000000000002
2021-10-14,1.3534,0.013534
2021-10-15,1.3432,0.013432
2021-10-18,1.3392,0.013392
2021-10-19,1.329,0.01329
2021-10-20,1.3238,0.013238000000000002
2021-10-21,1.3203,0.013203
2021-10-22,1.3217,0.013217000000000001
2021-10-25,1.3146,0.013146
2021-10-26,1.3135,0.013134999999999999
2021-10-27,1.3193,0.013193
2021-10-28,1.3067,0.013067
2021-10-29,1.3041,0.013041
2021-11-01,1.3018,0.013018
2021-11-02,1.2966,0.012966
2021-11-03,1.2887,0.012887
2021-11-04,1.2827,0.012827
2021-11-05,1.2782,0.012782
2021-11-08,1.2771,0.012771
2021-11-09,1.2814,0.012814
2021-11-10,1.2918,0.012918
2021-11-11,1.2913,0.012912999999999999
2021-11-12,1.2817,0.012817
2021-11-15,1.2812,0.012811999999999999
2021-11-16,1.2762,0.012762
2021-11-17,1.2793,0.012793
2021-11-18,1.275,0.01275
2021-11-19,1.2772,0.012771999999999999
2021-11-22,1.2808,0.012808
2021-11-23,1.2792,0.012792
2021-11-24,1.2757,0.012757000000000001
2021-11-26,1.3048,0.013047999999999999
2021-11-29,1.289,0.012889999999999999
2021-11-30,1.3146,0.013146
2021-12-01,1.3294,0.013293999999999999
2021-12-02,1.3093,0.013092999999999999
2021-12-03,1.3208,0.013208
2021-12-06,1.3054,0.013054
2021-12-07,1.2789,0.012789
2021-12-08,1.2755,0.012755
2021-12-09,1.2842,0.012842
2021-12-10,1.2722,0.012722
2021-12-13,1.2836,0.012836
2021-12-14,1.2925,0.012924999999999999
2021-12-15,1.2726,0.012726
2021-12-16,1.2839,0.012839
2021-12-17,1.3107,0.013107
2021-12-20,1.3247,0.013247
2021-12-21,1.3016,0.013016000000000002
2021-12-22,1.2887,0.012887
2021-12-23,1.2808,0.012808
2021-12-27,1.2629,0.012629
2021-12-28,1.2639,0.012639000000000001
2021-12-29,1.2623,0.012623
2021-12-30,1.2658,0.012658
2021-12-31,1.269,0.01269
2022-01-03,1.2617,0.012617
2022-01-04,1.2621,0.012621
2022-01-05,1.2868,0.012868
2022-01-06,1.2881,0.012881
2022-01-07,1.2932,0.012931999999999999
2022-01-10,1.2948,0.012948
2022-01-11,1.2831,0.012830999999999999
2022-01-12,1.2796,0.012796
2022-01-13,1.2975,0.012975
2022-01-14,1.297,0.012969999999999999
2022-01-18,1.3204,0.013204
2022-01-19,1.3342,0.013342
2022-01-20,1.3492,0.013491999999999999
2022-01-21,1.3762,0.013762000000000002
2022-01-24,1.3703,0.013703
2022-01-25,1.3873,0.013873
2022-01-26,1.3908,0.013908
2022-01-27,1.3977,0.013977
2022-01-28,1.3638,0.013637999999999999
2022-01-31,1.3397,0.013397
2022-02-01,1.3307,0.013307
2022-02-02,1.3179,0.013179000000000001
2022-02-03,1.3496,0.013496
2022-02-04,1.3433,0.013432999999999999
2022-02-07,1.3476,0.013475999999999998
2022-02-08,1.3366,0.013366
2022-02-09,1.3173,0.013172999999999999
2022-02-10,1.3414,0.013413999999999999
2022-02-11,1.3684,0.013684
2022-02-14,1.3729,0.013729
2022-02-15,1.3511,0.013511
2022-02-16,1.3496,0.013496
2022-02-17,1.3791,0.013791
2022-02-18,1.3881,0.013881
2022-02-22,1.4031,0.014031
2022-02-23,1.4284,0.014283999999999998
2022-02-24,1.4073,0.014073
2022-02-25,1.3769,0.013769
2022-02-28,1.3804,0.013804
2022-03-01,1.4018,0.014018
2022-03-02,1.3764,0.013764
2022-03-03,1.3833,0.013833
2022-03-04,1.3947,0.013947000000000001
2022-03-07,1.437,0.01437
2022-03-08,1.448,0.01448
2022-03-09,1.4102,0.014101999999999998
2022-03-10,1.4166,0.014166000000000002
2022-03-11,1.4348,0.014348000000000001
2022-03-14,1.4454,0.014454
2022-03-15,1.4143,0.014143
2022-03-16,1.3836,0.013836
2022-03-17,1.3665,0.013665
2022-03-18,1.3726,0.013726
2022-03-21,1.373,0.01373
2022-03-22,1.3571,0.013571
2022-03-23,1.3748,0.013748
2022-03-24,1.3544,0.013544
2022-03-25,1.3478,0.013478
2022-03-28,1.3383,0.013383
2022-03-29,1.3219,0.013219000000000002
2022-03-30,1.3301,0.013301
2022-03-31,1.3509,0.013509
2022-04-01,1.3471,0.013471
2022-04-04,1.3357,0.013357
2022-04-05,1.3528,0.013528
2022-04-06,1.3664,0.013664
2022-04-07,1.3596,0.013595999999999999
2022-04-08,1.3632,0.013632
2022-04-11,1.3869,0.013869
2022-04-12,1.3921,0.013921
2022-04-13,1.3763,0.013763000000000001
2022-04-14,1.3937,0.013937
2022-04-18,1.3931,0.013931
2022-04-19,1.371,0.01371
2022-04-20,1.372,0.013720000000000001
2022-04-21,1.3928,0.013928000000000001
2022-04-22,1.4321,0.014320999999999999
2022-04-25,1.4239,0.014239
2022-04-26,1.4663,0.014662999999999999
2022-04-27,1.4622,0.014622
2022-04-28,1.4262,0.014261999999999999
2022-04-29,1.4809,0.014809000000000001
2022-05-02,1.4721,0.014721
2022-05-03,1.4653,0.014653000000000001
2022-05-04,1.422,0.01422
2022-05-05,1.4744,0.014744
2022-05-06,1.4833,0.014833
2022-05-09,1.5324,0.015323999999999999
2022-05-10,1.5288,0.015288
2022-05-11,1.5535,0.015535
2022-05-12,1.5551,0.015550999999999999
2022-05-13,1.5188,0.015188
2022-05-16,1.525,0.01525
2022-05-17,1.4943,0.014943
2022-05-18,1.557,0.015569999999999999
2022-05-19,1.5666,0.015666
2022-05-20,1.5659,0.015659
2022-05-23,1.5372,0.015371999999999999
2022-05-24,1.549,0.015489999999999999
2022-05-25,1.5354,0.015354000000000001
2022-05-26,1.5054,0.015054000000000001
2022-05-27,1.4693,0.014693000000000001
2022-05-31,1.4776,0.014776000000000001
2022-06-01,1.4896,0.014896
2022-06-02,1.4618,0.014617999999999999
2022-06-03,1.4862,0.014862
2022-06-06,1.4817,0.014817
2022-06-07,1.4676,0.014676
2022-06-08,1.4837,0.014837
2022-06-09,1.5199,0.015199
2022-06-10,1.5653,0.015653
2022-06-13,1.627,0.01627
2022-06-14,1.6319,0.016319
2022-06-15,1.609,0.01609
2022-06-16,1.6641,0.016641
2022-06-17,1.718,0.01718
2022-06-21,1.6758,0.016758
2022-06-22,1.6788,0.016788
2022-06-23,1.6625,0.016625
2022-06-24,1.6113,0.016113
2022-06-27,1.6175,0.016175
2022-06-28,1.6512,0.016512
2022-06-29,1.6526,0.016526
2022-06-30,1.6661,0.016661
2022-07-01,1.6487,0.016487
2022-07-05,1.6456,0.016456
2022-07-06,1.64,0.016399999999999998
2022-07-07,1.6158,0.016158
2022-07-08,1.6172,0.016172
2022-07-11,1.6358,0.016357999999999998
2022-07-12,1.6505,0.016505000000000002
2022-07-13,1.6592,0.016592
2022-07-14,1.6632,0.016632
2022-07-15,1.632,0.016319999999999998
2022-07-18,1.6456,0.016456
2022-07-19,1.6023,0.016023
2022-07-20,1.5922,0.015922000000000002
2022-07-21,1.5761,0.015761
2022-07-22,1.5909,0.015909
2022-07-25,1.589,0.01589
2022-07-26,1.608,0.01608
2022-07-27,1.5673,0.015673
2022-07-28,1.5479,0.015479
2022-07-29,1.5256,0.015256
2022-08-01,1.5302,0.015302
2022-08-02,1.5403,0.015403
2022-08-03,1.5166,0.015165999999999999
2022-08-04,1.5176,0.015176
2022-08-05,1.5202,0.015202
2022-08-08,1.5219,0.015219
2022-08-09,1.528,0.01528
2022-08-10,1.4966,0.014966
2022-08-11,1.4966,0.014966
2022-08-12,1.4717,0.014717000000000001
2022-08-15,1.4656,0.014656
2022-08-16,1.4627,0.014627
2022-08-17,1.4732,0.014732
2022-08-18,1.4689,0.014689
2022-08-19,1.4889,0.014889
2022-08-22,1.5206,0.015205999999999999
2022-08-23,1.5243,0.015243
2022-08-24,1.5194,0.015194000000000001
2022-08-25,1.4983,0.014983
2022-08-26,1.5508,0.015508
2022-08-29,1.5611,0.015611
2022-08-30,1.5784,0.015784
2022-08-31,1.5905,0.015905
2022-09-01,1.5855,0.015854999999999998
2022-09-02,1.6024,0.016024
2022-09-06,1.6085,0.016085000000000002
2022-09-07,1.5801,0.015801
2022-09-08,1.5699,0.015699
2022-09-09,1.5458,0.015458000000000001
2022-09-12,1.5294,0.015294
2022-09-13,1.5989,0.015989
2022-09-14,1.5929,0.015929
2022-09-15,1.6112,0.016112
2022-09-16,1.669,0.01669
2022-09-19,1.6562,0.016562
2022-09-20,1.6754,0.016754
2022-09-21,1.7051,0.017051
2022-09-22,1.7196,0.017196
2022-09-23,1.7489,0.017488999999999998
2022-09-26,1.7664,0.017664
2022-09-27,1.7709,0.017709
2022-09-28,1.7367,0.017367
2022-09-29,1.7738,0.017738
2022-09-30,1.8016,0.018016
2022-10-03,1.7553,0.017553
2022-10-04,1.7025,0.017025
2022-10-05,1.7065,0.017065
2022-10-06,1.7243,0.017242999999999998
2022-10-07,1.7738,0.017738
2022-10-10,1.7874,0.017874
2022-10-11,1.7988,0.017988
2022-10-12,1.8048,0.018047999999999998
2022-10-13,1.7584,0.017584
2022-10-14,1.7994,0.017994
2022-10-17,1.7543,0.017543
2022-10-18,1.7339,0.017339
2022-10-19,1.7463,0.017463
2022-10-20,1.761,0.01761
2022-10-21,1.7193,0.017193
2022-10-24,1.6985,0.016985
2022-10-25,1.6718,0.016718
2022-10-26,1.6845,0.016845000000000002
2022-10-27,1.6935,0.016935
2022-10-28,1.6542,0.016541999999999998
2022-10-31,1.6662,0.016662
2022-11-01,1.6735,0.016735
2022-11-02,1.7166,0.017166
2022-11-03,1.7345,0.017345
2022-11-04,1.7099,0.017099
2022-11-07,1.6937,0.016937
2022-11-08,1.6846,0.016846
2022-11-09,1.72,0.0172
2022-11-10,1.6304,0.016304
2022-11-11,1.6148,0.016148
2022-11-14,1.6286,0.016286000000000002
2022-11-15,1.6149,0.016149
2022-11-16,1.6273,0.016273
2022-11-17,1.6323,0.016323
2022-11-18,1.6249,0.016249
2022-11-21,1.6308,0.016308
2022-11-22,1.6092,0.016092
2022-11-23,1.5991,0.015991
2022-11-25,1.5994,0.015993999999999998
2022-11-28,1.6254,0.016254
2022-11-29,1.6282,0.016282
2022-11-30,1.5785,0.015785
2022-12-01,1.5796,0.015795999999999998
2022-12-02,1.5814,0.015813999999999998
2022-12-05,1.6104,0.016104
2022-12-06,1.634,0.01634
2022-12-07,1.6368,0.016368
2022-12-08,1.624,0.01624
2022-12-09,1.6363,0.016363000000000003
2022-12-12,1.613,0.01613
2022-12-13,1.6009,0.016009
2022-12-14,1.6112,0.016112
2022-12-15,1.6516,0.016516
2022-12-16,1.7105,0.017105
2022-12-19,1.7252,0.017252
2022-12-20,1.7228,0.017228
2022-12-21,1.6974,0.016974
2022-12-22,1.722,0.01722
2022-12-23,1.7122,0.017122
2022-12-27,1.7189,0.017189
2022-12-28,1.7406,0.017405999999999998
2022-12-29,1.7098,0.017098
2022-12-30,1.7143,0.017143
2023-01-03,1.7215,0.017215
2023-01-04,1.7084,0.017084
2023-01-05,1.7281,0.017281
2023-01-06,1.6893,0.016893000000000002
2023-01-09,1.6903,0.016902999999999998
2023-01-10,1.6785,0.016785
2023-01-11,1.6576,0.016576
2023-01-12,1.6516,0.016516
2023-01-13,1.6452,0.016452
2023-01-17,1.6482,0.016482
2023-01-18,1.6746,0.016746
2023-01-19,1.6869,0.016869000000000002
2023-01-20,1.6561,0.016561
2023-01-23,1.6364,0.016364
2023-01-24,1.6382,0.016382
2023-01-25,1.6376,0.016375999999999998
2023-01-26,1.6198,0.016198
2023-01-27,1.6161,0.016161000000000002
2023-01-30,1.6366,0.016366000000000002
2023-01-31,1.6129,0.016129
2023-02-01,1.5959,0.015959
2023-02-02,1.573,0.01573
2023-02-03,1.5899,0.015899
2023-02-06,1.5997,0.015996999999999997
2023-02-07,1.579,0.01579
2023-02-08,1.5965,0.015965
2023-02-09,1.6105,0.016105
2023-02-10,1.6067,0.016067
2023-02-13,1.5881,0.015881
2023-02-14,1.5888,0.015888
2023-02-15,1.5837,0.015837
2023-02-16,1.6058,0.016058
2023-02-17,1.6098,0.016097999999999998
2023-02-21,1.6427,0.016427
2023-02-22,1.645,0.01645
2023-02-23,1.6363,0.016363000000000003
2023-02-24,1.654,0.01654
2023-02-27,1.6484,0.016484000000000002
2023-02-28,1.6545,0.016545
2023-03-01,1.6608,0.016608
2023-03-02,1.648,0.016479999999999998
2023-03-03,1.622,0.016220000000000002
2023-03-06,1.6209,0.016209
2023-03-07,1.6461,0.016461
2023-03-08,1.6434,0.016434
2023-03-09,1.6743,0.016742999999999997
2023-03-10,1.6988,0.016988
2023-03-13,1.7013,0.017013
2023-03-14,1.6736,0.016736
2023-03-15,1.6841,0.016841
2023-03-16,1.6551,0.016551
2023-03-17,1.7118,0.017118
2023-03-20,1.6955,0.016955
2023-03-21,1.6735,0.016735
2023-03-22,1.7026,0.017026
2023-03-23,1.698,0.01698
2023-03-24,1.6869,0.016869000000000002
2023-03-27,1.6838,0.016838
2023-03-28,1.6875,0.016875
2023-03-29,1.6634,0.016634
2023-03-30,1.6537,0.016537
2023-03-31,1.6307,0.016307000000000002
2023-04-03,1.6245,0.016245
2023-04-04,1.6336,0.016336
2023-04-05,1.6379,0.016378999999999998
2023-04-06,1.6315,0.016315
2023-04-10,1.6298,0.016298
2023-04-11,1.6294,0.016294
2023-04-12,1.6361,0.016361
2023-04-13,1.6146,0.016146
2023-04-14,1.6186,0.016186
2023-04-17,1.6128,0.016128
2023-04-18,1.6117,0.016117
2023-04-19,1.612,0.016120000000000002
2023-04-20,1.6208,0.016208
2023-04-21,1.6196,0.016196
2023-04-24,1.6179,0.016179
2023-04-25,1.644,0.01644
2023-04-26,1.651,0.01651
2023-04-27,1.6188,0.016188
2023-04-28,1.6051,0.016051
2023-05-01,1.6067,0.016067
2023-05-02,1.6249,0.016249
2023-05-03,1.6362,0.016362
2023-05-04,1.6478,0.016478
2023-05-05,1.6179,0.016179
2023-05-08,1.6175,0.016175
2023-05-09,1.6246,0.016246
2023-05-10,1.617,0.01617
2023-05-11,1.6199,0.016198999999999998
2023-05-12,1.622,0.016220000000000002
2023-05-15,1.6164,0.016164
2023-05-16,1.6273,0.016273
2023-05-17,1.6078,0.016078
2023-05-18,1.5924,0.015924
2023-05-19,1.5947,0.015947
2023-05-22,1.5941,0.015941
2023-05-23,1.6122,0.016122
2023-05-24,1.624,0.01624
2023-05-25,1.61,0.0161
2023-05-26,1.5894,0.015894
2023-05-30,1.5888,0.015888
2023-05-31,1.5977,0.015976999999999998
2023-06-01,1.5826,0.015826
2023-06-02,1.5601,0.015601
2023-06-05,1.5631,0.015631
2023-06-06,1.5597,0.015597000000000001
2023-06-07,1.5651,0.015650999999999998
2023-06-08,1.5557,0.015557000000000001
2023-06-09,1.5529,0.015529
2023-06-12,1.5389,0.015389
2023-06-13,1.5289,0.015288999999999999
2023-06-14,1.527,0.015269999999999999
2023-06-15,1.5083,0.015083
2023-06-16,1.5279,0.015279000000000001
2023-06-20,1.5359,0.015359000000000001
2023-06-21,1.5438,0.015438
2023-06-22,1.5382,0.015382
2023-06-23,1.5499,0.015499
2023-06-26,1.5563,0.015563
2023-06-27,1.5394,0.015394000000000001
2023-06-28,1.5387,0.015387
2023-06-29,1.5326,0.015326
2023-06-30,1.5147,0.015146999999999999
2023-07-03,1.513,0.01513
2023-07-05,1.5152,0.015152
2023-07-06,1.5272,0.015271999999999999
2023-07-07,1.5311,0.015310999999999998
2023-07-10,1.5272,0.015271999999999999
2023-07-11,1.5175,0.015175000000000001
2023-07-12,1.5054,0.015054000000000001
2023-07-13,1.4936,0.014936
2023-07-14,1.4945,0.014945
2023-07-17,1.4893,0.014893
2023-07-18,1.4784,0.014783999999999999
2023-07-19,1.4751,0.014751
2023-07-20,1.4849,0.014849000000000001
2023-07-21,1.4849,0.014849000000000001
2023-07-24,1.4783,0.014783
2023-07-25,1.4743,0.014743
2023-07-26,1.4741,0.014740999999999999
2023-07-27,1.4839,0.014839
2023-07-28,1.4695,0.014695
2023-07-31,1.4667,0.014667
2023-08-01,1.4709,0.014709000000000002
2023-08-02,1.4917,0.014917
2023-08-03,1.496,0.01496
2023-08-04,1.5028,0.015028
2023-08-07,1.4898,0.014898
2023-08-08,1.4963,0.014962999999999999
2023-08-09,1.5063,0.015063
2023-08-10,1.5058,0.015058
2023-08-11,1.5067,0.015066999999999999
2023-08-14,1.4984,0.014983999999999999
2023-08-15,1.5161,0.015161
2023-08-16,1.5273,0.015273000000000002
2023-08-17,1.539,0.01539
2023-08-18,1.5383,0.015383
2023-08-21,1.5283,0.015283
2023-08-22,1.5325,0.015325
2023-08-23,1.5156,0.015156000000000001
2023-08-24,1.5369,0.015368999999999999
2023-08-25,1.5261,0.015261
2023-08-28,1.5165,0.015165
2023-08-29,1.4949,0.014948999999999999
2023-08-30,1.4888,0.014887999999999998
2023-08-31,1.491,0.014910000000000001
2023-09-01,1.4882,0.014882
2023-09-05,1.4946,0.014946
2023-09-06,1.5048,0.015047999999999999
2023-09-07,1.5094,0.015094000000000002
2023-09-08,1.5071,0.015071000000000001
2023-09-11,1.4973,0.014973
2023-09-12,1.5055,0.015055
2023-09-13,1.5038,0.015038000000000001
2023-09-14,1.4909,0.014908999999999999
2023-09-15,1.506,0.01506
2023-09-18,1.5052,0.015052000000000001
2023-09-19,1.5083,0.015083
2023-09-20,1.5223,0.015223
2023-09-21,1.5479,0.015479
2023-09-22,1.5514,0.015513999999999998
2023-09-25,1.5449,0.015449
2023-09-26,1.5679,0.015679000000000002
2023-09-27,1.5673,0.015673
2023-09-28,1.5582,0.015582
2023-09-29,1.562,0.01562
2023-10-02,1.5626,0.015626
2023-10-03,1.5838,0.015838
2023-10-04,1.5724,0.015724000000000002
2023-10-05,1.573,0.01573
2023-10-06,1.5545,0.015545
2023-10-09,1.5446,0.015446
2023-10-10,1.5366,0.015366
2023-10-11,1.5304,0.015304
2023-10-12,1.5398,0.015398
2023-10-13,1.5475,0.015475000000000001
2023-10-16,1.5314,0.015314000000000001
2023-10-17,1.5314,0.015314000000000001
2023-10-18,1.5521,0.015521
2023-10-19,1.5659,0.015659
2023-10-20,1.5854,0.015854
2023-10-23,1.5881,0.015881
2023-10-24,1.5762,0.015762
2023-10-25,1.5992,0.015992
2023-10-26,1.6186,0.016186
2023-10-27,1.6259,0.016259
2023-10-30,1.6067,0.016067
2023-10-31,1.5967,0.015967
2023-11-01,1.5798,0.015798
2023-11-02,1.5501,0.015501000000000001
2023-11-03,1.5361,0.015361
2023-11-06,1.5326,0.015326
2023-11-07,1.5282,0.015282
2023-11-08,1.5271,0.015271
2023-11-09,1.5391,0.015390999999999998
2023-11-10,1.5155,0.015155
2023-11-13,1.5169,0.015168999999999998
2023-11-14,1.4881,0.014881
2023-11-15,1.4849,0.014849000000000001
2023-11-16,1.4831,0.014831
2023-11-17,1.4813,0.014813
2023-11-20,1.4699,0.014699
2023-11-21,1.4732,0.014732
2023-11-22,1.4675,0.014675
2023-11-24,1.4666,0.014665999999999998
2023-11-27,1.4692,0.014692
2023-11-28,1.4678,0.014678
2023-11-29,1.4688,0.014688000000000001
2023-11-30,1.463,0.01463
2023-12-01,1.4544,0.014544
2023-12-04,1.4621,0.014621
2023-12-05,1.4624,0.014624
2023-12-06,1.4683,0.014683
2023-12-07,1.4572,0.014572
2023-12-08,1.451,0.01451
2023-12-11,1.4453,0.014453
2023-12-12,1.4388,0.014388000000000001
2023-12-13,1.4192,0.014192
2023-12-14,1.4147,0.014147
2023-12-15,1.4441,0.014440999999999999
2023-12-18,1.4361,0.014360999999999999
2023-12-19,1.4274,0.014274
2023-12-20,1.4474,0.014474
2023-12-21,1.4338,0.014338
2023-12-22,1.431,0.01431
2023-12-26,1.4249,0.014249000000000001
2023-12-27,1.4224,0.014224
2023-12-28,1.4218,0.014218
2023-12-29,1.426,0.01426
2024-01-02,1.434,0.014339999999999999
2024-01-03,1.4458,0.014458
2024-01-04,1.4505,0.014504999999999999
2024-01-05,1.4485,0.014485
2024-01-08,1.4281,0.014280999999999999
2024-01-09,1.4303,0.014303
2024-01-10,1.4222,0.014221999999999999
2024-01-11,1.4229,0.014229
2024-01-12,1.4219,0.014218999999999999
2024-01-16,1.4271,0.014271
2024-01-17,1.4351,0.014351000000000001
2024-01-18,1.4224,0.014224
2024-01-19,1.4049,0.014049
2024-01-22,1.402,0.01402
2024-01-23,1.3979,0.013978999999999998
2024-01-24,1.3964,0.013964
2024-01-25,1.3888,0.013888000000000001
2024-01-26,1.3906,0.013906
2024-01-29,1.3796,0.013796
2024-01-30,1.3807,0.013807
2024-01-31,1.4036,0.014036
2024-02-01,1.3855,0.013855
2024-02-02,1.371,0.01371
2024-02-05,1.3761,0.013761
2024-02-06,1.3721,0.013721
2024-02-07,1.3607,0.013607000000000001
2024-02-08,1.3601,0.013601
2024-02-09,1.3523,0.013523
2024-02-12,1.3529,0.013529
2024-02-13,1.3718,0.013718
2024-02-14,1.3594,0.013594
2024-02-15,1.3501,0.013501
2024-02-16,1.3569,0.013569
2024-02-20,1.3644,0.013644
2024-02-21,1.3632,0.013632
2024-02-22,1.3355,0.013354999999999999
2024-02-23,1.3346,0.013346
2024-02-26,1.3395,0.013394999999999999
2024-02-27,1.337,0.01337
2024-02-28,1.3388,0.013388
2024-02-29,1.334,0.013340000000000001
2024-03-01,1.3216,0.013216
2024-03-04,1.323,0.013229999999999999
2024-03-05,1.3364,0.013364000000000001
2024-03-06,1.3296,0.013295999999999999
2024-03-07,1.3166,0.013166
2024-03-08,1.3245,0.013245
2024-03-11,1.3256,0.013255999999999999
2024-03-12,1.3115,0.013115000000000002
2024-03-13,1.3136,0.013136000000000002
2024-03-14,1.3162,0.013162
2024-03-15,1.343,0.01343
2024-03-18,1.3351,0.013351
2024-03-19,1.3277,0.013277
2024-03-20,1.3155,0.013154999999999998
2024-03-21,1.3112,0.013111999999999999
2024-03-22,1.3137,0.013137000000000001
2024-03-25,1.3173,0.013172999999999999
2024-03-26,1.3198,0.013198000000000001
2024-03-27,1.3088,0.013087999999999999
2024-03-28,1.309,0.01309
2024-04-01,1.3113,0.013113
2024-04-02,1.3197,0.013197
2024-04-03,1.3183,0.013183
2024-04-04,1.3345,0.013345000000000001
2024-04-05,1.3207,0.013207
2024-04-08,1.32,0.0132
2024-04-09,1.3185,0.013185
2024-04-10,1.3318,0.013318000000000002
2024-04-11,1.3218,0.013218
2024-04-12,1.3403,0.013403
2024-04-15,1.3574,0.013574
2024-04-16,1.3598,0.013597999999999999
2024-04-17,1.3679,0.013678999999999998
2024-04-18,1.3707,0.013707
2024-04-19,1.3828,0.013828
2024-04-22,1.3702,0.013702
2024-04-23,1.3541,0.013541000000000001
2024-04-24,1.3548,0.013548
2024-04-25,1.3599,0.013599000000000002
2024-04-26,1.3472,0.013472
2024-04-29,1.3424,0.013424
2024-04-30,1.364,0.013640000000000001
2024-05-01,1.3685,0.013685000000000001
2024-05-02,1.3558,0.013557999999999999
2024-05-03,1.3392,0.013392
2024-05-06,1.3255,0.013255
2024-05-07,1.324,0.01324
2024-05-08,1.3239,0.013239
2024-05-09,1.3163,0.013163000000000001
2024-05-10,1.3146,0.013146
2024-05-13,1.3145,0.013145
2024-05-14,1.3085,0.013085
2024-05-15,1.2925,0.012924999999999999
2024-05-16,1.2951,0.012950999999999999
2024-05-17,1.2933,0.012932999999999998
2024-05-20,1.2918,0.012918
2024-05-21,1.2886,0.012886
2024-05-22,1.2923,0.012923
2024-05-23,1.3018,0.013018
2024-05-24,1.2933,0.012932999999999998
2024-05-28,1.2924,0.012924
2024-05-29,1.3015,0.013015
2024-05-30,1.3102,0.013102
2024-05-31,1.2984,0.012984
2024-06-03,1.2973,0.012972999999999998
2024-06-04,1.2959,0.012959
2024-06-05,1.2806,0.012806
2024-06-06,1.2807,0.012806999999999999
2024-06-07,1.2822,0.012822
2024-06-10,1.2783,0.012783
2024-06-11,1.2752,0.012752
2024-06-12,1.2648,0.012648
2024-06-13,1.2623,0.012623
2024-06-14,1.2615,0.012615000000000001
2024-06-17,1.2515,0.012515
2024-06-18,1.2484,0.012484
2024-06-20,1.2518,0.012518
2024-06-21,1.2759,0.012759
2024-06-24,1.2801,0.012801
2024-06-25,1.2752,0.012752
2024-06-26,1.2736,0.012736
2024-06-27,1.2716,0.012716
2024-06-28,1.2766,0.012766
2024-07-01,1.274,0.01274
2024-07-02,1.2655,0.012655000000000001
2024-07-03,1.2599,0.012599
2024-07-05,1.2526,0.012525999999999999
2024-07-08,1.2512,0.012512
2024-07-09,1.25,0.0125
2024-07-10,1.2377,0.012377
2024-07-11,1.2485,0.012485
2024-07-12,1.2407,0.012407
2024-07-15,1.2373,0.012373
2024-07-16,1.23,0.0123
2024-07-17,1.2475,0.012475
2024-07-18,1.2571,0.012571
2024-07-19,1.2655,0.012655000000000001
2024-07-22,1.2526,0.012525999999999999
2024-07-23,1.2546,0.012546
2024-07-24,1.2837,0.012837000000000001
2024-07-25,1.2904,0.012904
2024-07-26,1.2761,0.012761
2024-07-29,1.2754,0.012754000000000001
2024-07-30,1.2819,0.012819
2024-07-31,1.2613,0.012613000000000001
2024-08-01,1.2795,0.012795
2024-08-02,1.3037,0.013037
2024-08-05,1.3428,0.013428
2024-08-06,1.3306,0.013306
2024-08-07,1.3395,0.013394999999999999
2024-08-08,1.3093,0.013092999999999999
2024-08-09,1.3035,0.013035000000000001
2024-08-12,1.3028,0.013028
2024-08-13,1.2818,0.012818000000000001
2024-08-14,1.2777,0.012777
2024-08-15,1.2562,0.012562
2024-08-16,1.2534,0.012534
2024-08-19,1.2415,0.012415
2024-08-20,1.2435,0.012435
2024-08-21,1.2393,0.012393000000000001
2024-08-22,1.2491,0.012491
2024-08-23,1.2359,0.012359
2024-08-26,1.2389,0.012388999999999999
2024-08-27,1.2372,0.012372000000000001
2024-08-28,1.2444,0.012444
2024-08-29,1.2443,0.012443
2024-08-30,1.2325,0.012325
2024-09-03,1.2584,0.012584
2024-09-04,1.261,0.01261
2024-09-05,1.2641,0.012641
2024-09-06,1.2857,0.012857
2024-09-09,1.2715,0.012715
2024-09-10,1.266,0.01266
2024-09-11,1.2531,0.012531
2024-09-12,1.2427,0.012426999999999999
2024-09-13,1.2362,0.012362
2024-09-16,1.2344,0.012343999999999999
2024-09-17,1.2339,0.012339
2024-09-18,1.2376,0.012376
2024-09-19,1.2168,0.012168000000000002
2024-09-20,1.2478,0.012478
2024-09-23,1.2447,0.012447
2024-09-24,1.2412,0.012412000000000001
2024-09-25,1.2439,0.012439
2024-09-26,1.239,0.012390000000000002
2024-09-27,1.2408,0.012407999999999999
2024-09-30,1.2358,0.012358000000000001
2024-10-01,1.247,0.012470000000000002
2024-10-02,1.2465,0.012464999999999999
2024-10-03,1.2488,0.012487999999999999
2024-10-04,1.2375,0.012375
2024-10-07,1.2488,0.012487999999999999
2024-10-08,1.2371,0.012371
2024-10-09,1.2286,0.012285999999999998
2024-10-10,1.2308,0.012308
2024-10-11,1.2234,0.012234
2024-10-14,1.2135,0.012135
2024-10-15,1.223,0.012230000000000001
2024-10-16,1.2177,0.012177
2024-10-17,1.2176,0.012176
2024-10-18,1.2129,0.012129000000000001
2024-10-21,1.2149,0.012149
2024-10-22,1.2156,0.012156
2024-10-23,1.2268,0.012268
2024-10-24,1.2241,0.012241
2024-10-25,1.2246,0.012246
2024-10-28,1.2208,0.012208000000000002
2024-10-29,1.2188,0.012188000000000001
2024-10-30,1.2225,0.012225
2024-10-31,1.247,0.012470000000000002
2024-11-01,1.2417,0.012417000000000001
2024-11-04,1.2444,0.012444
2024-11-05,1.2295,0.012295
2024-11-06,1.1997,0.011997
2024-11-07,1.1905,0.011904999999999999
2024-11-08,1.1854,0.011854
2024-11-11,1.1842,0.011841999999999998
2024-11-12,1.1879,0.011878999999999999
2024-11-13,1.1873,0.011873
2024-11-14,1.195,0.01195
2024-11-15,1.2105,0.012105
2024-11-18,1.2056,0.012056
2024-11-19,1.2012,0.012012
2024-11-20,1.2008,0.012008000000000001
2024-11-21,1.1944,0.011944
2024-11-22,1.1907,0.011907000000000001
2024-11-25,1.1867,0.011867
2024-11-26,1.1805,0.011805000000000001
2024-11-27,1.1841,0.011840999999999999
2024-11-29,1.1768,0.011768
2024-12-02,1.1747,0.011747
2024-12-03,1.1741,0.011741
2024-12-04,1.1669,0.011669
2024-12-05,1.1688,0.011688
2024-12-06,1.1666,0.011666000000000001
2024-12-09,1.1726,0.011726
2024-12-10,1.1763,0.011763
2024-12-11,1.1673,0.011673
2024-12-12,1.1733,0.011733
2024-12-13,1.1736,0.011736
2024-12-16,1.1686,0.011686
2024-12-17,1.1734,0.011734
2024-12-18,1.2094,0.012094
2024-12-19,1.2098,0.012098
2024-12-20,1.2056,0.012056
2024-12-23,1.1984,0.011984
2024-12-24,1.1853,0.011853
2024-12-26,1.1852,0.011852
2024-12-27,1.1978,0.011977999999999999
2024-12-30,1.2116,0.012116
2024-12-31,1.216,0.012159999999999999
2025-01-02,1.219,0.012190000000000001
2025-01-03,1.204,0.01204
2025-01-06,1.1971,0.011971
2025-01-07,1.2108,0.012108
2025-01-08,1.209,0.01209
2025-01-10,1.2277,0.012277
2025-01-13,1.2258,0.012258
2025-01-14,1.2242,0.012242
2025-01-15,1.2023,0.012022999999999999
2025-01-16,1.2046,0.012046
2025-01-17,1.1926,0.011926
2025-01-21,1.1818,0.011818
2025-01-22,1.1752,0.011752
2025-01-23,1.1688,0.011688
2025-01-24,1.1723,0.011722999999999999
2025-01-27,1.1891,0.011891
2025-01-28,1.1789,0.011789
2025-01-29,1.1843,0.011843
2025-01-30,1.1779,0.011779
2025-01-31,1.1842,0.011841999999999998
2025-02-03,1.1923,0.011923
2025-02-04,1.1843,0.011843
2025-02-05,1.1795,0.011795
2025-02-06,1.1754,0.011754
2025-02-07,1.1863,0.011862999999999999
2025-02-10,1.1783,0.011782999999999998
2025-02-11,1.1774,0.011774
2025-02-12,1.1812,0.011812
2025-02-13,1.1689,0.011689
2025-02-14,1.1689,0.011689
2025-02-18,1.1655,0.011655
2025-02-19,1.1628,0.011628000000000001
2025-02-20,1.1676,0.011675999999999999
2025-02-21,1.1879,0.011878999999999999
2025-02-24,1.1934,0.011934
2025-02-25,1.1993,0.011993
2025-02-26,1.1987,0.011987000000000001
2025-02-27,1.2182,0.012182
2025-02-28,1.1995,0.011995
2025-03-03,1.2208,0.012208000000000002
2025-03-04,1.2355,0.012355
2025-03-05,1.2223,0.012223
2025-03-06,1.2444,0.012444
2025-03-07,1.2375,0.012375
2025-03-10,1.2714,0.012714000000000001
2025-03-11,1.282,0.01282
2025-03-12,1.2752,0.012752
2025-03-13,1.2925,0.012924999999999999
2025-03-14,1.2663,0.012663
2025-03-17,1.2566,0.012565999999999999
2025-03-18,1.2704,0.012704
2025-03-19,1.2567,0.012567
2025-03-20,1.2603,0.012603
2025-03-21,1.2778,0.012778000000000001
2025-03-24,1.2554,0.012554000000000001
2025-03-25,1.2523,0.012523
2025-03-26,1.2675,0.012675
2025-03-27,1.2709,0.012709
2025-03-28,1.297,0.012969999999999999
2025-03-31,1.2883,0.012883
2025-04-01,1.2847,0.012846999999999999
2025-04-02,1.2766,0.012766
2025-04-03,1.3428,0.013428
2025-04-04,1.4263,0.014263
2025-04-07,1.4288,0.014288
2025-04-08,1.4516,0.014516
2025-04-09,1.3136,0.013136000000000002
2025-04-10,1.3738,0.013737999999999998
2025-04-11,1.3497,0.013496999999999999
2025-04-14,1.3368,0.013368
2025-04-15,1.3405,0.013405
2025-04-16,1.371,0.01371
2025-04-17,1.369,0.01369
2025-04-21,1.4024,0.014024000000000002
2025-04-22,1.3669,0.013669
2025-04-23,1.346,0.013460000000000001
2025-04-24,1.3183,0.013183
2025-04-25,1.3088,0.013087999999999999
2025-04-28,1.3083,0.013083000000000001
2025-04-29,1.3001,0.013001
2025-04-30,1.2996,0.012996
2025-05-01,1.2904,0.012904
2025-05-02,1.2716,0.012716
2025-05-05,1.2789,0.012789
2025-05-06,1.2897,0.012897
2025-05-07,1.2843,0.012843
2025-05-08,1.2754,0.012754000000000001
2025-05-09,1.277,0.012769999999999998
2025-05-12,1.2362,0.012362
2025-05-13,1.2281,0.012281
2025-05-14,1.2265,0.012265
2025-05-15,1.2205,0.012204999999999999
2025-05-16,1.2128,0.012128000000000002
2025-05-19,1.2115,0.012115
2025-05-20,1.2156,0.012156
2025-05-21,1.2364,0.012364
2025-05-22,1.236,0.01236
2025-05-23,1.2445,0.012445
2025-05-27,1.2191,0.012191
2025-05-28,1.2262,0.012262
2025-05-29,1.2214,0.012214000000000001
2025-05-30,1.2227,0.012226999999999998
2025-06-02,1.2159,0.012159
2025-06-03,1.209,0.01209
2025-06-04,1.2093,0.012093
2025-06-05,1.2152,0.012152000000000001
2025-06-06,1.2028,0.012028
2025-06-09,1.2018,0.012018
2025-06-10,1.195,0.01195
2025-06-11,1.1984,0.011984
2025-06-12,1.1937,0.011937
2025-06-13,1.2072,0.012072000000000001
2025-06-16,1.1958,0.011958
2025-06-17,1.2061,0.012060999999999999
2025-06-18,1.2063,0.012062999999999999
2025-06-20,1.2095,0.012095
2025-06-23,1.1976,0.011976
2025-06-24,1.1845,0.011845000000000001
2025-06-25,1.1839,0.011838999999999999
2025-06-26,1.1747,0.011747
2025-06-27,1.1689,0.011689
2025-06-30,1.1633,0.011633
2025-07-01,1.1637,0.011637
2025-07-02,1.1584,0.011584
2025-07-03,1.1494,0.011493999999999999
2025-07-07,1.158,0.01158
2025-07-08,1.1587,0.011587
2025-07-09,1.1517,0.011517
2025-07-10,1.1485,0.011485
2025-07-11,1.1526,0.011526000000000002
2025-07-14,1.1504,0.011504
2025-07-15,1.1553,0.011553
2025-07-16,1.1515,0.011515
2025-07-17,1.1444,0.011444000000000001
2025-07-18,1.1453,0.011453
2025-07-21,1.1431,0.011431
2025-07-22,1.143,0.011430000000000001
2025-07-23,1.1333,0.011333
2025-07-24,1.1329,0.011329
2025-07-25,1.1282,0.011282
2025-07-28,1.1285,0.011285
2025-07-29,1.1314,0.011314
2025-07-30,1.1329,0.011329
2025-07-31,1.1371,0.011371
2025-08-01,1.1561,0.011560999999999998
2025-08-04,1.1388,0.011388
2025-08-05,1.1446,0.011446000000000001
2025-08-06,1.1359,0.011359
2025-08-07,1.1368,0.011368
2025-08-08,1.128,0.011279999999999998
2025-08-11,1.1303,0.011303
2025-08-12,1.1184,0.011184000000000001
2025-08-13,1.1145,0.011145
2025-08-14,1.1144,0.011144000000000001
2025-08-15,1.1171,0.011171
2025-08-18,1.1173,0.011172999999999999
2025-08-19,1.1234,0.011234
2025-08-20,1.1264,0.011264000000000001
2025-08-21,1.1309,0.011309
2025-08-22,1.1138,0.011137999999999999
2025-08-25,1.1187,0.011187
2025-08-26,1.1141,0.011141000000000002
2025-08-27,1.1115,0.011115
2025-08-28,1.1076,0.011075999999999999
2025-08-29,1.1143,0.011143
2025-09-02,1.1226,0.011226
2025-09-03,1.1165,0.011165000000000001
2025-09-04,1.1073,0.011073
2025-09-05,1.1105,0.011105
2025-09-08,1.1078,0.011078
2025-09-09,1.1052,0.011052
2025-09-10,1.102,0.01102
2025-09-11,1.093,0.01093
2025-09-12,1.0933,0.010933
2025-09-15,1.0875,0.010875
2025-09-16,1.089,0.01089
2025-09-17,1.0904,0.010904
2025-09-18,1.0853,0.010853
2025-09-19,1.0929,0.010929
2025-09-22,1.0877,0.010877
2025-09-23,1.0937,0.010936999999999999
2025-09-24,1.0972,0.010971999999999999
2025-09-25,1.1022,0.011022
2025-09-26,1.096,0.010960000000000001
2025-09-29,1.0929,0.010929
2025-09-30,1.0888,0.010888
2025-10-01,1.0851,0.010851
2025-10-02,1.0838,0.010838
2025-10-03,1.0839,0.010839000000000001
2025-10-06,1.08,0.0108
2025-10-07,1.084,0.01084
2025-10-08,1.0776,0.010775999999999999
2025-10-09,1.0807,0.010807
2025-10-10,1.1107,0.011107
2025-10-13,1.0939,0.010939
2025-10-14,1.0953,0.010953
2025-10-15,1.0904,0.010904
2025-10-16,1.0979,0.010979000000000001
2025-10-17,1.0917,0.010917
2025-10-20,1.0805,0.010805
2025-10-21,1.0805,0.010805
2025-10-22,1.0861,0.010861
2025-10-23,1.0797,0.010797000000000001
2025-10-24,1.071,0.010709999999999999
2025-10-27,1.0585,0.010585
2025-10-28,1.0557,0.010557
2025-10-29,1.0552,0.010551999999999999
2025-10-30,1.0669,0.010669
2025-10-31,1.0634,0.010634
2025-11-03,1.0614,0.010613999999999998
2025-11-04,1.0742,0.010742
2025-11-05,1.0705,0.010705
2025-11-06,1.0821,0.010821
2025-11-07,1.081,0.01081
2025-11-10,1.0644,0.010644
2025-11-11,1.062,0.010620000000000001
2025-11-12,1.0614,0.010613999999999998
2025-11-13,1.0793,0.010792999999999999
2025-11-14,1.0795,0.010794999999999999
2025-11-17,1.0896,0.010896
2025-11-18,1.0989,0.010989
2025-11-19,1.0946,0.010946000000000001
2025-11-20,1.1116,0.011116
2025-11-21,1.1006,0.011006
2025-11-24,1.0846,0.010846
2025-11-25,1.0745,0.010745
2025-11-26,1.0672,0.010672
2025-11-28,1.0614,0.010613999999999998
2025-12-01,1.0662,0.010662
2025-12-02,1.0643,0.010643
2025-12-03,1.0606,0.010605999999999999
